SET session_replication_role = replica;

--
-- PostgreSQL database dump
--

-- Dumped from database version 17.4
-- Dumped by pg_dump version 17.4

SET statement_timeout = 0;
SET lock_timeout = 0;
SET idle_in_transaction_session_timeout = 0;
SET transaction_timeout = 0;
SET client_encoding = 'UTF8';
SET standard_conforming_strings = on;
SELECT pg_catalog.set_config('search_path', '', false);
SET check_function_bodies = false;
SET xmloption = content;
SET client_min_messages = warning;
SET row_security = off;

--
-- Data for Name: profiles; Type: TABLE DATA; Schema: public; Owner: postgres
--

INSERT INTO "public"."profiles" ("id", "email", "full_name", "avatar_url", "bio", "timezone", "notification_preferences", "created_at", "updated_at") VALUES
	('550e8400-e29b-41d4-a716-446655440000', 'admin@example.com', 'admin', NULL, NULL, 'UTC', '{"push": true, "email": true, "in_app": true}', '2025-08-18 04:41:28.581451+00', '2025-08-18 04:41:28.581451+00'),
	('550e8400-e29b-41d4-a716-446655440001', 'user@example.com', 'user', NULL, NULL, 'UTC', '{"push": true, "email": true, "in_app": true}', '2025-08-18 04:41:28.581451+00', '2025-08-18 04:41:28.581451+00'),
	('02619610-1122-45fd-b43c-f3fad0245c59', 'admin@netneural.ai', 'NetNeural Administrator', NULL, NULL, 'UTC', '{"push": true, "email": true, "in_app": true}', '2025-08-18 04:45:17.879352+00', '2025-08-18 04:45:17.879352+00'),
	('6ca1fb3b-ea45-4b31-ad7a-ac4ed9dde0c9', 'manager@netneural.ai', 'NetNeural Manager', NULL, NULL, 'UTC', '{"push": true, "email": true, "in_app": true}', '2025-08-18 04:45:17.970282+00', '2025-08-18 04:45:17.970282+00');


--
-- Data for Name: organizations; Type: TABLE DATA; Schema: public; Owner: postgres
--



--
-- Data for Name: activity_logs; Type: TABLE DATA; Schema: public; Owner: postgres
--



--
-- Data for Name: sensors; Type: TABLE DATA; Schema: public; Owner: postgres
--

INSERT INTO "public"."sensors" ("id", "name", "type", "location", "department", "status", "current_value", "unit", "battery_level", "last_reading", "last_seen", "settings", "created_at", "updated_at") VALUES
	('660e8400-e29b-41d4-a716-446655440001', 'Lobby Temperature Sensor', 'temperature', 'Building A - Main Campus', 'Facilities', 'online', 22.5000, '°C', 85, '2025-08-18 04:39:28.60784+00', '2025-08-18 04:39:28.60784+00', '{}', '2025-08-18 04:41:28.60784+00', '2025-08-18 04:41:28.60784+00'),
	('660e8400-e29b-41d4-a716-446655440002', 'Conference Room Motion Detector', 'motion', 'Building A - Main Campus', 'IT', 'online', 0.0000, 'boolean', 92, '2025-08-18 04:40:28.60784+00', '2025-08-18 04:40:28.60784+00', '{}', '2025-08-18 04:41:28.60784+00', '2025-08-18 04:41:28.60784+00'),
	('660e8400-e29b-41d4-a716-446655440003', 'Server Room Humidity Monitor', 'humidity', 'Building A - Main Campus', 'IT', 'online', 45.2000, '%RH', 78, '2025-08-18 04:38:28.60784+00', '2025-08-18 04:38:28.60784+00', '{}', '2025-08-18 04:41:28.60784+00', '2025-08-18 04:41:28.60784+00'),
	('660e8400-e29b-41d4-a716-446655440004', 'Office Air Quality Sensor', 'air_quality', 'Building A - Main Campus', 'HR', 'warning', 85.0000, 'AQI', 67, '2025-08-18 04:36:28.60784+00', '2025-08-18 04:36:28.60784+00', '{}', '2025-08-18 04:41:28.60784+00', '2025-08-18 04:41:28.60784+00'),
	('660e8400-e29b-41d4-a716-446655440005', 'Basement Pressure Monitor', 'pressure', 'Building A - Main Campus', 'Facilities', 'online', 1013.2500, 'hPa', 91, '2025-08-18 04:40:28.60784+00', '2025-08-18 04:40:28.60784+00', '{}', '2025-08-18 04:41:28.60784+00', '2025-08-18 04:41:28.60784+00'),
	('660e8400-e29b-41d4-a716-446655440006', 'Reception Temperature Control', 'temperature', 'Building A - Main Campus', 'Reception', 'online', 23.1000, '°C', 88, '2025-08-18 04:40:58.60784+00', '2025-08-18 04:40:58.60784+00', '{}', '2025-08-18 04:41:28.60784+00', '2025-08-18 04:41:28.60784+00'),
	('660e8400-e29b-41d4-a716-446655440007', 'Break Room Motion Sensor', 'motion', 'Building A - Main Campus', 'HR', 'online', 1.0000, 'boolean', 95, '2025-08-18 04:41:18.60784+00', '2025-08-18 04:41:18.60784+00', '{}', '2025-08-18 04:41:28.60784+00', '2025-08-18 04:41:28.60784+00'),
	('660e8400-e29b-41d4-a716-446655440008', 'Storage Room Humidity', 'humidity', 'Building A - Main Campus', 'Facilities', 'offline', 0.0000, '%RH', 12, '2025-08-18 02:41:28.60784+00', '2025-08-18 02:41:28.60784+00', '{}', '2025-08-18 04:41:28.60784+00', '2025-08-18 04:41:28.60784+00'),
	('660e8400-e29b-41d4-a716-446655440009', 'Lab Temperature Monitor', 'temperature', 'Building B - Research Lab', 'Research', 'online', 20.8000, '°C', 76, '2025-08-18 04:40:28.60784+00', '2025-08-18 04:40:28.60784+00', '{}', '2025-08-18 04:41:28.60784+00', '2025-08-18 04:41:28.60784+00'),
	('660e8400-e29b-41d4-a716-446655440010', 'Clean Room Pressure', 'pressure', 'Building B - Research Lab', 'Research', 'online', 1015.2000, 'hPa', 89, '2025-08-18 04:40:58.60784+00', '2025-08-18 04:40:58.60784+00', '{}', '2025-08-18 04:41:28.60784+00', '2025-08-18 04:41:28.60784+00'),
	('660e8400-e29b-41d4-a716-446655440011', 'Equipment Room Humidity', 'humidity', 'Building B - Research Lab', 'Research', 'online', 40.1000, '%RH', 82, '2025-08-18 04:39:28.60784+00', '2025-08-18 04:39:28.60784+00', '{}', '2025-08-18 04:41:28.60784+00', '2025-08-18 04:41:28.60784+00'),
	('660e8400-e29b-41d4-a716-446655440012', 'Security Motion Detector', 'motion', 'Building B - Research Lab', 'Security', 'online', 0.0000, 'boolean', 94, '2025-08-18 04:36:28.60784+00', '2025-08-18 04:36:28.60784+00', '{}', '2025-08-18 04:41:28.60784+00', '2025-08-18 04:41:28.60784+00'),
	('660e8400-e29b-41d4-a716-446655440013', 'Air Quality Monitor', 'air_quality', 'Building B - Research Lab', 'Research', 'online', 35.0000, 'AQI', 71, '2025-08-18 04:38:28.60784+00', '2025-08-18 04:38:28.60784+00', '{}', '2025-08-18 04:41:28.60784+00', '2025-08-18 04:41:28.60784+00'),
	('660e8400-e29b-41d4-a716-446655440014', 'Entrance Temperature', 'temperature', 'Building B - Research Lab', 'Security', 'offline', 0.0000, '°C', 5, '2025-08-18 00:41:28.60784+00', '2025-08-18 00:41:28.60784+00', '{}', '2025-08-18 04:41:28.60784+00', '2025-08-18 04:41:28.60784+00'),
	('660e8400-e29b-41d4-a716-446655440015', 'Loading Dock Temperature', 'temperature', 'Warehouse C - Distribution', 'Logistics', 'online', 28.3000, '°C', 73, '2025-08-18 04:40:28.60784+00', '2025-08-18 04:40:28.60784+00', '{}', '2025-08-18 04:41:28.60784+00', '2025-08-18 04:41:28.60784+00'),
	('660e8400-e29b-41d4-a716-446655440016', 'Cold Storage Temp Monitor', 'temperature', 'Warehouse C - Distribution', 'Cold Storage', 'online', 2.1000, '°C', 80, '2025-08-18 04:40:58.60784+00', '2025-08-18 04:40:58.60784+00', '{}', '2025-08-18 04:41:28.60784+00', '2025-08-18 04:41:28.60784+00'),
	('660e8400-e29b-41d4-a716-446655440017', 'Freezer Temperature Alert', 'temperature', 'Warehouse C - Distribution', 'Cold Storage', 'error', -15.2000, '°C', 65, '2025-08-18 04:31:28.60784+00', '2025-08-18 04:31:28.60784+00', '{}', '2025-08-18 04:41:28.60784+00', '2025-08-18 04:41:28.60784+00'),
	('660e8400-e29b-41d4-a716-446655440018', 'Dock Motion Sensor', 'motion', 'Warehouse C - Distribution', 'Logistics', 'online', 1.0000, 'boolean', 87, '2025-08-18 04:39:28.60784+00', '2025-08-18 04:39:28.60784+00', '{}', '2025-08-18 04:41:28.60784+00', '2025-08-18 04:41:28.60784+00'),
	('660e8400-e29b-41d4-a716-446655440019', 'Storage Humidity Monitor', 'humidity', 'Warehouse C - Distribution', 'Storage', 'online', 55.8000, '%RH', 79, '2025-08-18 04:40:28.60784+00', '2025-08-18 04:40:28.60784+00', '{}', '2025-08-18 04:41:28.60784+00', '2025-08-18 04:41:28.60784+00'),
	('660e8400-e29b-41d4-a716-446655440020', 'Air Quality - Dock Area', 'air_quality', 'Warehouse C - Distribution', 'Logistics', 'warning', 95.0000, 'AQI', 84, '2025-08-18 04:38:28.60784+00', '2025-08-18 04:38:28.60784+00', '{}', '2025-08-18 04:41:28.60784+00', '2025-08-18 04:41:28.60784+00'),
	('660e8400-e29b-41d4-a716-446655440021', 'Office Pressure Monitor', 'pressure', 'Warehouse C - Distribution', 'Administration', 'online', 1012.8000, 'hPa', 92, '2025-08-18 04:40:28.60784+00', '2025-08-18 04:40:28.60784+00', '{}', '2025-08-18 04:41:28.60784+00', '2025-08-18 04:41:28.60784+00'),
	('660e8400-e29b-41d4-a716-446655440022', 'Security Motion - Perimeter', 'motion', 'Warehouse C - Distribution', 'Security', 'online', 0.0000, 'boolean', 96, '2025-08-18 04:40:58.60784+00', '2025-08-18 04:40:58.60784+00', '{}', '2025-08-18 04:41:28.60784+00', '2025-08-18 04:41:28.60784+00'),
	('660e8400-e29b-41d4-a716-446655440023', 'Break Room Temperature', 'temperature', 'Warehouse C - Distribution', 'HR', 'offline', 0.0000, '°C', 8, '2025-08-17 22:41:28.60784+00', '2025-08-17 22:41:28.60784+00', '{}', '2025-08-18 04:41:28.60784+00', '2025-08-18 04:41:28.60784+00'),
	('660e8400-e29b-41d4-a716-446655440024', 'Shipping Humidity Control', 'humidity', 'Warehouse C - Distribution', 'Logistics', 'online', 48.3000, '%RH', 81, '2025-08-18 04:39:28.60784+00', '2025-08-18 04:39:28.60784+00', '{}', '2025-08-18 04:41:28.60784+00', '2025-08-18 04:41:28.60784+00');


--
-- Data for Name: alerts; Type: TABLE DATA; Schema: public; Owner: postgres
--

INSERT INTO "public"."alerts" ("id", "sensor_id", "level", "title", "message", "is_active", "acknowledged", "triggered_at", "acknowledged_at", "resolved_at", "metadata") VALUES
	('770e8400-e29b-41d4-a716-446655440001', '660e8400-e29b-41d4-a716-446655440004', 'warning', 'Air Quality Warning', 'Air quality index above normal threshold (85 AQI)', true, false, '2025-08-18 04:16:28.60784+00', NULL, NULL, '{}'),
	('770e8400-e29b-41d4-a716-446655440002', '660e8400-e29b-41d4-a716-446655440008', 'error', 'Sensor Offline', 'Humidity sensor has been offline for over 1 hour', true, false, '2025-08-18 02:41:28.60784+00', NULL, NULL, '{}'),
	('770e8400-e29b-41d4-a716-446655440003', '660e8400-e29b-41d4-a716-446655440017', 'critical', 'Critical Temperature Alert', 'Freezer temperature outside safe range (-15.2°C)', true, false, '2025-08-18 04:31:28.60784+00', NULL, NULL, '{}'),
	('770e8400-e29b-41d4-a716-446655440004', '660e8400-e29b-41d4-a716-446655440020', 'warning', 'Air Quality Degraded', 'Dock area air quality approaching unhealthy levels', true, false, '2025-08-18 04:26:28.60784+00', NULL, NULL, '{}'),
	('770e8400-e29b-41d4-a716-446655440005', '660e8400-e29b-41d4-a716-446655440014', 'error', 'Temperature Sensor Offline', 'Building B entrance sensor unresponsive', true, false, '2025-08-18 00:41:28.60784+00', NULL, NULL, '{}'),
	('770e8400-e29b-41d4-a716-446655440006', '660e8400-e29b-41d4-a716-446655440023', 'error', 'Break Room Sensor Down', 'Temperature sensor offline for extended period', true, false, '2025-08-17 22:41:28.60784+00', NULL, NULL, '{}');


--
-- Data for Name: projects; Type: TABLE DATA; Schema: public; Owner: postgres
--



--
-- Data for Name: tasks; Type: TABLE DATA; Schema: public; Owner: postgres
--



--
-- Data for Name: files; Type: TABLE DATA; Schema: public; Owner: postgres
--



--
-- Data for Name: locations; Type: TABLE DATA; Schema: public; Owner: postgres
--

INSERT INTO "public"."locations" ("id", "name", "address", "city", "state_province", "latitude", "longitude", "sensors_total", "sensors_online", "alerts_active", "created_at", "updated_at") VALUES
	('550e8400-e29b-41d4-a716-446655440001', 'Building A - Main Campus', '123 Corporate Blvd', 'Atlanta', 'GA', 33.74900000, -84.38800000, 8, 7, 1, '2025-08-18 04:41:28.60784+00', '2025-08-18 04:41:28.60784+00'),
	('550e8400-e29b-41d4-a716-446655440002', 'Building B - Research Lab', '456 Innovation Dr', 'Portland', 'OR', 45.51520000, -122.67840000, 6, 5, 0, '2025-08-18 04:41:28.60784+00', '2025-08-18 04:41:28.60784+00'),
	('550e8400-e29b-41d4-a716-446655440003', 'Warehouse C - Distribution', '789 Commerce Ave', 'Phoenix', 'AZ', 33.44840000, -112.07400000, 10, 8, 2, '2025-08-18 04:41:28.60784+00', '2025-08-18 04:41:28.60784+00');


--
-- Data for Name: notifications; Type: TABLE DATA; Schema: public; Owner: postgres
--



--
-- Data for Name: organization_members; Type: TABLE DATA; Schema: public; Owner: postgres
--



--
-- Data for Name: project_members; Type: TABLE DATA; Schema: public; Owner: postgres
--



--
-- Data for Name: sensor_readings; Type: TABLE DATA; Schema: public; Owner: postgres
--

INSERT INTO "public"."sensor_readings" ("id", "sensor_id", "value", "unit", "reading_time", "metadata") VALUES
	('8128b543-0be7-408e-aa0b-d7f3de8578a7', '660e8400-e29b-41d4-a716-446655440001', 23.1673, '°C', '2025-08-18 03:41:28.60784+00', '{}'),
	('49619016-e2b8-4529-9c02-6ca0b8940ae7', '660e8400-e29b-41d4-a716-446655440001', 21.7046, '°C', '2025-08-18 02:41:28.60784+00', '{}'),
	('e0d33ff2-5519-43cd-a211-3b2e8f8b39f6', '660e8400-e29b-41d4-a716-446655440001', 22.2928, '°C', '2025-08-18 01:41:28.60784+00', '{}'),
	('b5961384-05a3-4463-8ddd-8f0dfc13dcca', '660e8400-e29b-41d4-a716-446655440001', 21.5381, '°C', '2025-08-18 00:41:28.60784+00', '{}'),
	('52debc2f-3fee-426e-b232-5c178ab180f7', '660e8400-e29b-41d4-a716-446655440001', 22.5875, '°C', '2025-08-17 23:41:28.60784+00', '{}'),
	('3ccb2c81-cdb1-4290-a73a-95841bde300c', '660e8400-e29b-41d4-a716-446655440001', 23.3994, '°C', '2025-08-17 22:41:28.60784+00', '{}'),
	('02cbb331-1c96-4e58-bb85-99fcbd43c610', '660e8400-e29b-41d4-a716-446655440001', 22.4251, '°C', '2025-08-17 21:41:28.60784+00', '{}'),
	('60358485-2312-49b9-95d5-49f2f7866a2b', '660e8400-e29b-41d4-a716-446655440001', 21.7492, '°C', '2025-08-17 20:41:28.60784+00', '{}'),
	('151990d9-dd5f-4eb4-b656-52f2b2f0ae6b', '660e8400-e29b-41d4-a716-446655440001', 21.6439, '°C', '2025-08-17 19:41:28.60784+00', '{}'),
	('40a90dda-4143-4a21-8171-3345d5936d9b', '660e8400-e29b-41d4-a716-446655440001', 22.5389, '°C', '2025-08-17 18:41:28.60784+00', '{}'),
	('7610774b-0039-400c-8a38-37de46027a40', '660e8400-e29b-41d4-a716-446655440001', 22.6652, '°C', '2025-08-17 17:41:28.60784+00', '{}'),
	('9639b45c-14a7-495a-a8f0-674726246047', '660e8400-e29b-41d4-a716-446655440001', 22.8967, '°C', '2025-08-17 16:41:28.60784+00', '{}'),
	('0e1c9d54-d7bd-405a-87dc-22bd87ce42f2', '660e8400-e29b-41d4-a716-446655440001', 22.7787, '°C', '2025-08-17 15:41:28.60784+00', '{}'),
	('fa70699d-f5e2-423c-aaff-6cb559d61132', '660e8400-e29b-41d4-a716-446655440001', 22.7404, '°C', '2025-08-17 14:41:28.60784+00', '{}'),
	('22528cb0-5f69-4985-8957-c7529cbaba59', '660e8400-e29b-41d4-a716-446655440001', 23.0418, '°C', '2025-08-17 13:41:28.60784+00', '{}'),
	('4e4c302d-12ff-456c-b4b5-d6c8eae7a6cb', '660e8400-e29b-41d4-a716-446655440001', 21.8184, '°C', '2025-08-17 12:41:28.60784+00', '{}'),
	('b7366b16-e35a-486d-9fb1-ac0782ea6f45', '660e8400-e29b-41d4-a716-446655440001', 22.9561, '°C', '2025-08-17 11:41:28.60784+00', '{}'),
	('326c380f-9bd7-43aa-854c-34c6d8bb779a', '660e8400-e29b-41d4-a716-446655440001', 23.4268, '°C', '2025-08-17 10:41:28.60784+00', '{}'),
	('c2fa524d-9d7f-4be3-aa21-c54ff3979b49', '660e8400-e29b-41d4-a716-446655440001', 22.4237, '°C', '2025-08-17 09:41:28.60784+00', '{}'),
	('c14bb292-d996-4da2-bb34-ee3a6b9e93c7', '660e8400-e29b-41d4-a716-446655440001', 21.6861, '°C', '2025-08-17 08:41:28.60784+00', '{}'),
	('c1eaa4de-dd38-41f4-8c16-e81cbfc4132b', '660e8400-e29b-41d4-a716-446655440001', 23.2716, '°C', '2025-08-17 07:41:28.60784+00', '{}'),
	('25960660-1a26-4247-a65e-c4782c50e87c', '660e8400-e29b-41d4-a716-446655440001', 22.3418, '°C', '2025-08-17 06:41:28.60784+00', '{}'),
	('a05046e4-b70f-4250-bfdd-b084e13c6481', '660e8400-e29b-41d4-a716-446655440001', 22.7898, '°C', '2025-08-17 05:41:28.60784+00', '{}'),
	('a9ae3085-efa6-4b4c-9a16-85893e3499a2', '660e8400-e29b-41d4-a716-446655440001', 22.9696, '°C', '2025-08-17 04:41:28.60784+00', '{}'),
	('2e26aed1-f609-46af-895d-6dcbeecc784c', '660e8400-e29b-41d4-a716-446655440002', 1.0000, 'boolean', '2025-08-18 03:41:28.60784+00', '{}'),
	('3d51abd4-f013-4e29-afb5-0a9da107a1a1', '660e8400-e29b-41d4-a716-446655440002', 0.0000, 'boolean', '2025-08-18 02:41:28.60784+00', '{}'),
	('0209eb22-272f-4dc7-8204-6448e1670296', '660e8400-e29b-41d4-a716-446655440002', 0.0000, 'boolean', '2025-08-18 01:41:28.60784+00', '{}'),
	('acae2464-1635-4803-8bfa-5b1fbf296b81', '660e8400-e29b-41d4-a716-446655440002', 0.0000, 'boolean', '2025-08-18 00:41:28.60784+00', '{}'),
	('ef14d590-2554-4257-9046-7efb0d423d64', '660e8400-e29b-41d4-a716-446655440002', 1.0000, 'boolean', '2025-08-17 23:41:28.60784+00', '{}'),
	('a8ab1794-ec6b-4b10-9a02-2d24d9ac85a9', '660e8400-e29b-41d4-a716-446655440002', 0.0000, 'boolean', '2025-08-17 22:41:28.60784+00', '{}'),
	('5c34e3a3-9c7b-4498-a92d-e42ff96466bd', '660e8400-e29b-41d4-a716-446655440002', 0.0000, 'boolean', '2025-08-17 21:41:28.60784+00', '{}'),
	('df759545-4001-4edf-b12f-f22a9b8bda43', '660e8400-e29b-41d4-a716-446655440002', 1.0000, 'boolean', '2025-08-17 20:41:28.60784+00', '{}'),
	('77ab5c50-7217-40eb-b3a9-4bbf94875846', '660e8400-e29b-41d4-a716-446655440002', 0.0000, 'boolean', '2025-08-17 19:41:28.60784+00', '{}'),
	('32957b95-aaf2-4b56-b6d8-966f59f9f163', '660e8400-e29b-41d4-a716-446655440002', 1.0000, 'boolean', '2025-08-17 18:41:28.60784+00', '{}'),
	('a7c8c829-8b4f-4815-ba6c-cd98a28fe787', '660e8400-e29b-41d4-a716-446655440002', 0.0000, 'boolean', '2025-08-17 17:41:28.60784+00', '{}'),
	('ea16bef1-7193-480c-b100-739ef1d2df36', '660e8400-e29b-41d4-a716-446655440002', 1.0000, 'boolean', '2025-08-17 16:41:28.60784+00', '{}'),
	('a81ee3bf-b535-4356-a584-fd9985c69090', '660e8400-e29b-41d4-a716-446655440002', 1.0000, 'boolean', '2025-08-17 15:41:28.60784+00', '{}'),
	('6222efee-cd4e-402c-a1a2-880733745623', '660e8400-e29b-41d4-a716-446655440002', 1.0000, 'boolean', '2025-08-17 14:41:28.60784+00', '{}'),
	('1757565e-4c32-47ab-85e4-0192c87305c5', '660e8400-e29b-41d4-a716-446655440002', 0.0000, 'boolean', '2025-08-17 13:41:28.60784+00', '{}'),
	('b65cbcfa-bed0-487e-a39e-a53cdfba9c79', '660e8400-e29b-41d4-a716-446655440002', 0.0000, 'boolean', '2025-08-17 12:41:28.60784+00', '{}'),
	('172c7c07-e8f5-4b2c-8ad6-2b97612143e3', '660e8400-e29b-41d4-a716-446655440002', 1.0000, 'boolean', '2025-08-17 11:41:28.60784+00', '{}'),
	('b7625c46-825b-4c2b-b64d-a81e46eeaca7', '660e8400-e29b-41d4-a716-446655440002', 1.0000, 'boolean', '2025-08-17 10:41:28.60784+00', '{}'),
	('0576ef3b-643a-4e21-9511-628c819da63a', '660e8400-e29b-41d4-a716-446655440002', 1.0000, 'boolean', '2025-08-17 09:41:28.60784+00', '{}'),
	('b9cbd8ff-66a9-4042-81ba-053eb340949c', '660e8400-e29b-41d4-a716-446655440002', 1.0000, 'boolean', '2025-08-17 08:41:28.60784+00', '{}'),
	('5c4c2338-1fa1-4d5d-b6e2-a220c65c2e3c', '660e8400-e29b-41d4-a716-446655440002', 1.0000, 'boolean', '2025-08-17 07:41:28.60784+00', '{}'),
	('186b7d29-c9e0-4a46-806f-5bffc4f31e77', '660e8400-e29b-41d4-a716-446655440002', 1.0000, 'boolean', '2025-08-17 06:41:28.60784+00', '{}'),
	('e3e9cb15-79e1-4cc0-b4ef-768eb29f5ec5', '660e8400-e29b-41d4-a716-446655440002', 0.0000, 'boolean', '2025-08-17 05:41:28.60784+00', '{}'),
	('593f738d-e1bf-415c-a76a-d3a72de918b4', '660e8400-e29b-41d4-a716-446655440002', 1.0000, 'boolean', '2025-08-17 04:41:28.60784+00', '{}'),
	('ff312160-708a-4cb3-b9e3-199627b6bfae', '660e8400-e29b-41d4-a716-446655440003', 47.1767, '%RH', '2025-08-18 03:41:28.60784+00', '{}'),
	('6a826d39-ac24-42cb-b9d8-14e11bd49f8c', '660e8400-e29b-41d4-a716-446655440003', 47.6883, '%RH', '2025-08-18 02:41:28.60784+00', '{}'),
	('9ee9d2b9-6530-4d12-b0f7-666063767d48', '660e8400-e29b-41d4-a716-446655440003', 43.0390, '%RH', '2025-08-18 01:41:28.60784+00', '{}'),
	('11421630-42db-4acb-b8e0-43903e8372f0', '660e8400-e29b-41d4-a716-446655440003', 43.2857, '%RH', '2025-08-18 00:41:28.60784+00', '{}'),
	('2afe0406-b40c-493c-9dda-53bc50b3c5a9', '660e8400-e29b-41d4-a716-446655440003', 42.9606, '%RH', '2025-08-17 23:41:28.60784+00', '{}'),
	('a8c3a95b-96c6-4bda-ace9-2cac1a1f1a74', '660e8400-e29b-41d4-a716-446655440003', 42.7482, '%RH', '2025-08-17 22:41:28.60784+00', '{}'),
	('6f3c98cc-218a-4c6e-8b2c-71257c655757', '660e8400-e29b-41d4-a716-446655440003', 43.1760, '%RH', '2025-08-17 21:41:28.60784+00', '{}'),
	('9ccdba81-ed04-42c3-acb6-f5ad1ac4d86c', '660e8400-e29b-41d4-a716-446655440003', 47.2808, '%RH', '2025-08-17 20:41:28.60784+00', '{}'),
	('61e710a6-66c1-4847-a249-ca5c7a1efb90', '660e8400-e29b-41d4-a716-446655440003', 46.5823, '%RH', '2025-08-17 19:41:28.60784+00', '{}'),
	('ce2efe75-9a97-43c7-92dc-9449f104a051', '660e8400-e29b-41d4-a716-446655440003', 44.2968, '%RH', '2025-08-17 18:41:28.60784+00', '{}'),
	('efb3c74f-1679-4fd7-b13d-b3b1a84d48b0', '660e8400-e29b-41d4-a716-446655440003', 45.1178, '%RH', '2025-08-17 17:41:28.60784+00', '{}'),
	('c41c620a-0a4b-4093-9ffb-755dd6075bea', '660e8400-e29b-41d4-a716-446655440003', 46.5423, '%RH', '2025-08-17 16:41:28.60784+00', '{}'),
	('5013b113-baa1-4b66-8a1f-9cda7b6e85b8', '660e8400-e29b-41d4-a716-446655440003', 47.6665, '%RH', '2025-08-17 15:41:28.60784+00', '{}'),
	('e1957493-7dbc-4646-b9a8-8e1398557845', '660e8400-e29b-41d4-a716-446655440003', 45.4962, '%RH', '2025-08-17 14:41:28.60784+00', '{}'),
	('55f1335c-ce1e-4719-9c5a-6208ffb9aac5', '660e8400-e29b-41d4-a716-446655440003', 46.0256, '%RH', '2025-08-17 13:41:28.60784+00', '{}'),
	('2a472aa3-e502-4999-b308-0e81ca92bde1', '660e8400-e29b-41d4-a716-446655440003', 46.2075, '%RH', '2025-08-17 12:41:28.60784+00', '{}'),
	('f02b1498-1e31-4a85-ab7b-b70231888c95', '660e8400-e29b-41d4-a716-446655440003', 46.6292, '%RH', '2025-08-17 11:41:28.60784+00', '{}'),
	('c38e5b6e-cc46-4d12-a424-bf4cbc6820de', '660e8400-e29b-41d4-a716-446655440003', 43.5059, '%RH', '2025-08-17 10:41:28.60784+00', '{}'),
	('95f286e6-73ad-4d3d-a69b-3baf0c707875', '660e8400-e29b-41d4-a716-446655440003', 47.5468, '%RH', '2025-08-17 09:41:28.60784+00', '{}'),
	('4402ae51-0ee8-4e1c-9b6a-c9db7b43a97e', '660e8400-e29b-41d4-a716-446655440003', 47.6657, '%RH', '2025-08-17 08:41:28.60784+00', '{}'),
	('675a62fa-6466-4b87-a241-2e8acb753bbc', '660e8400-e29b-41d4-a716-446655440003', 45.2286, '%RH', '2025-08-17 07:41:28.60784+00', '{}'),
	('d366a9d3-0d1d-4b02-b0c5-422e5d042836', '660e8400-e29b-41d4-a716-446655440003', 45.3401, '%RH', '2025-08-17 06:41:28.60784+00', '{}'),
	('e9142ff9-2c8a-4f0a-ab30-a3a4018d66fb', '660e8400-e29b-41d4-a716-446655440003', 43.8852, '%RH', '2025-08-17 05:41:28.60784+00', '{}'),
	('633a99f4-ab76-4280-8e64-579ae0f2e7db', '660e8400-e29b-41d4-a716-446655440003', 44.5502, '%RH', '2025-08-17 04:41:28.60784+00', '{}'),
	('19537758-0d0a-4066-bb58-48761f68fd51', '660e8400-e29b-41d4-a716-446655440005', 1013.5039, 'hPa', '2025-08-18 03:41:28.60784+00', '{}'),
	('17a0886a-a00d-473c-93a8-aad687bfb523', '660e8400-e29b-41d4-a716-446655440005', 1012.8710, 'hPa', '2025-08-18 02:41:28.60784+00', '{}'),
	('8d7b9e32-d81b-4cae-be3f-8ffc66c0232e', '660e8400-e29b-41d4-a716-446655440005', 1011.9041, 'hPa', '2025-08-18 01:41:28.60784+00', '{}'),
	('fc311aca-0b02-4829-82b0-cfe3038f8776', '660e8400-e29b-41d4-a716-446655440005', 1013.0937, 'hPa', '2025-08-18 00:41:28.60784+00', '{}'),
	('1ba3e1a2-519a-44e1-8e7b-1b12bcc25120', '660e8400-e29b-41d4-a716-446655440005', 1012.2547, 'hPa', '2025-08-17 23:41:28.60784+00', '{}'),
	('e3966b23-ed12-4570-b29f-b24b3d8904b2', '660e8400-e29b-41d4-a716-446655440005', 1013.7713, 'hPa', '2025-08-17 22:41:28.60784+00', '{}'),
	('45bb7ac0-95e3-4246-93eb-88a42e46450d', '660e8400-e29b-41d4-a716-446655440005', 1013.2581, 'hPa', '2025-08-17 21:41:28.60784+00', '{}'),
	('e7f0254a-7a62-4dc5-a042-67380e817a9c', '660e8400-e29b-41d4-a716-446655440005', 1014.5118, 'hPa', '2025-08-17 20:41:28.60784+00', '{}'),
	('14458d9b-7899-43e2-ac94-d8d61ba79524', '660e8400-e29b-41d4-a716-446655440005', 1011.9255, 'hPa', '2025-08-17 19:41:28.60784+00', '{}'),
	('6f027e3f-dc28-4c72-b8c1-492474cc5405', '660e8400-e29b-41d4-a716-446655440005', 1014.7084, 'hPa', '2025-08-17 18:41:28.60784+00', '{}'),
	('8e0c9cac-0bd9-46a8-8d99-5d07f172ab64', '660e8400-e29b-41d4-a716-446655440005', 1013.1044, 'hPa', '2025-08-17 17:41:28.60784+00', '{}'),
	('32f069a7-5f41-4578-b117-e9f7c5574926', '660e8400-e29b-41d4-a716-446655440005', 1012.7640, 'hPa', '2025-08-17 16:41:28.60784+00', '{}'),
	('c3316a59-3215-45c1-8a45-b0de569791a5', '660e8400-e29b-41d4-a716-446655440005', 1013.5267, 'hPa', '2025-08-17 15:41:28.60784+00', '{}'),
	('15d70dcd-88d4-43b4-9eaa-a86a27967dc6', '660e8400-e29b-41d4-a716-446655440005', 1012.8363, 'hPa', '2025-08-17 14:41:28.60784+00', '{}'),
	('5f67856b-b065-415d-960a-537341d311ff', '660e8400-e29b-41d4-a716-446655440005', 1012.7064, 'hPa', '2025-08-17 13:41:28.60784+00', '{}'),
	('b9062354-2307-40d6-9708-8afd41ebf80a', '660e8400-e29b-41d4-a716-446655440005', 1012.5103, 'hPa', '2025-08-17 12:41:28.60784+00', '{}'),
	('aa792983-d443-4a22-88db-511014d6058d', '660e8400-e29b-41d4-a716-446655440005', 1013.5475, 'hPa', '2025-08-17 11:41:28.60784+00', '{}'),
	('0dd0529e-c359-49d2-8268-a284ff3b3e00', '660e8400-e29b-41d4-a716-446655440005', 1012.9037, 'hPa', '2025-08-17 10:41:28.60784+00', '{}'),
	('4b3433d7-63c8-459e-bdb8-a80786bfce43', '660e8400-e29b-41d4-a716-446655440005', 1013.7384, 'hPa', '2025-08-17 09:41:28.60784+00', '{}'),
	('fdf49734-3908-466e-b684-90d5632d7778', '660e8400-e29b-41d4-a716-446655440005', 1012.8370, 'hPa', '2025-08-17 08:41:28.60784+00', '{}'),
	('a672ae12-811f-43e2-9b3f-7e8dafb6e47c', '660e8400-e29b-41d4-a716-446655440005', 1012.8236, 'hPa', '2025-08-17 07:41:28.60784+00', '{}'),
	('6728ddf1-2430-44d4-8824-7065227c472c', '660e8400-e29b-41d4-a716-446655440005', 1014.6942, 'hPa', '2025-08-17 06:41:28.60784+00', '{}'),
	('91b0ef40-9e6e-4f28-97e4-77f35f2804ef', '660e8400-e29b-41d4-a716-446655440005', 1011.9601, 'hPa', '2025-08-17 05:41:28.60784+00', '{}'),
	('80df0a77-93e7-4e86-92b0-5fd1632a6012', '660e8400-e29b-41d4-a716-446655440005', 1014.5016, 'hPa', '2025-08-17 04:41:28.60784+00', '{}'),
	('19b9d668-a88a-46ca-8f7e-dcce249a5090', '660e8400-e29b-41d4-a716-446655440006', 22.6971, '°C', '2025-08-18 03:41:28.60784+00', '{}'),
	('f89097af-c7bf-4d40-a0f1-adde51fb982d', '660e8400-e29b-41d4-a716-446655440006', 23.6582, '°C', '2025-08-18 02:41:28.60784+00', '{}'),
	('06cab3f0-b83b-4a11-80ad-eee66049b9f6', '660e8400-e29b-41d4-a716-446655440006', 22.9091, '°C', '2025-08-18 01:41:28.60784+00', '{}'),
	('10f0fce3-ae0d-4581-a706-ed660ee81fa5', '660e8400-e29b-41d4-a716-446655440006', 23.1802, '°C', '2025-08-18 00:41:28.60784+00', '{}'),
	('e0591942-cfb7-42f5-aec6-ae5f71ce7a36', '660e8400-e29b-41d4-a716-446655440006', 23.8703, '°C', '2025-08-17 23:41:28.60784+00', '{}'),
	('a009224b-5483-480b-a1d9-52a3572be070', '660e8400-e29b-41d4-a716-446655440006', 22.6271, '°C', '2025-08-17 22:41:28.60784+00', '{}'),
	('963a54a9-d23f-4e7b-8329-1888370966f8', '660e8400-e29b-41d4-a716-446655440006', 22.4530, '°C', '2025-08-17 21:41:28.60784+00', '{}'),
	('ed0802ba-5d75-4764-aac5-6158e65fea06', '660e8400-e29b-41d4-a716-446655440006', 23.3963, '°C', '2025-08-17 20:41:28.60784+00', '{}'),
	('e2fd9fc7-2847-4718-ab18-70c4cfcf8b49', '660e8400-e29b-41d4-a716-446655440006', 22.5361, '°C', '2025-08-17 19:41:28.60784+00', '{}'),
	('079e7aeb-0e93-476c-a2b7-49b7aeff44bc', '660e8400-e29b-41d4-a716-446655440006', 23.1233, '°C', '2025-08-17 18:41:28.60784+00', '{}'),
	('72d202d7-30f5-4662-b7cb-11050f3670e4', '660e8400-e29b-41d4-a716-446655440006', 22.6313, '°C', '2025-08-17 17:41:28.60784+00', '{}'),
	('d4189cc2-e573-486a-aa56-d6c81c56017b', '660e8400-e29b-41d4-a716-446655440006', 22.8845, '°C', '2025-08-17 16:41:28.60784+00', '{}'),
	('accd4411-9a7b-49b3-8bdd-6cdd273311c2', '660e8400-e29b-41d4-a716-446655440006', 22.9226, '°C', '2025-08-17 15:41:28.60784+00', '{}'),
	('a9d9c265-1faa-4f14-a967-0aba5336c46e', '660e8400-e29b-41d4-a716-446655440006', 22.7130, '°C', '2025-08-17 14:41:28.60784+00', '{}'),
	('1e3e393a-cc6b-4b17-b9b5-4f2d9e8dd194', '660e8400-e29b-41d4-a716-446655440006', 24.0096, '°C', '2025-08-17 13:41:28.60784+00', '{}'),
	('d77d5b44-138e-4383-b428-1e4529a32346', '660e8400-e29b-41d4-a716-446655440006', 23.0684, '°C', '2025-08-17 12:41:28.60784+00', '{}'),
	('0bd0d5f6-cd2f-4e39-a90f-c2a61bb9839c', '660e8400-e29b-41d4-a716-446655440006', 22.9245, '°C', '2025-08-17 11:41:28.60784+00', '{}'),
	('179d721b-481d-4b55-aca7-f7cadcf27aa2', '660e8400-e29b-41d4-a716-446655440006', 23.7733, '°C', '2025-08-17 10:41:28.60784+00', '{}'),
	('04a381a9-4111-4ace-9072-bb21b7fd62ce', '660e8400-e29b-41d4-a716-446655440006', 24.0633, '°C', '2025-08-17 09:41:28.60784+00', '{}'),
	('5fd230a2-380d-4eed-baec-40ea1fa5f73f', '660e8400-e29b-41d4-a716-446655440006', 22.6773, '°C', '2025-08-17 08:41:28.60784+00', '{}'),
	('913a52fd-fce3-4c0e-96af-584aa89107d1', '660e8400-e29b-41d4-a716-446655440006', 23.4409, '°C', '2025-08-17 07:41:28.60784+00', '{}'),
	('a9577e5a-2605-4320-941f-fd6f863e8b22', '660e8400-e29b-41d4-a716-446655440006', 22.3173, '°C', '2025-08-17 06:41:28.60784+00', '{}'),
	('3eb376ac-d2c6-474a-923e-d1ce1de6168c', '660e8400-e29b-41d4-a716-446655440006', 23.2727, '°C', '2025-08-17 05:41:28.60784+00', '{}'),
	('fb5a7ed6-8665-4ca5-8a50-86a7eafa6fda', '660e8400-e29b-41d4-a716-446655440006', 23.8130, '°C', '2025-08-17 04:41:28.60784+00', '{}'),
	('bae53b1a-d921-4ee6-bc54-cf0404dca5c1', '660e8400-e29b-41d4-a716-446655440007', 0.0000, 'boolean', '2025-08-18 03:41:28.60784+00', '{}'),
	('ff8c6c33-4766-4612-97ad-3cfc3108c311', '660e8400-e29b-41d4-a716-446655440007', 0.0000, 'boolean', '2025-08-18 02:41:28.60784+00', '{}'),
	('436d9d68-0a8d-4186-83ff-bfe6d2f2f089', '660e8400-e29b-41d4-a716-446655440007', 0.0000, 'boolean', '2025-08-18 01:41:28.60784+00', '{}'),
	('046ccfa2-1e3c-4dd0-a0f6-daadfa422dc0', '660e8400-e29b-41d4-a716-446655440007', 0.0000, 'boolean', '2025-08-18 00:41:28.60784+00', '{}'),
	('c815c693-741c-488c-9bca-8fa4b2543b0c', '660e8400-e29b-41d4-a716-446655440007', 1.0000, 'boolean', '2025-08-17 23:41:28.60784+00', '{}'),
	('be2293eb-5f21-493e-96f6-bc885cf8309f', '660e8400-e29b-41d4-a716-446655440007', 0.0000, 'boolean', '2025-08-17 22:41:28.60784+00', '{}'),
	('ace451e4-255a-46ff-9f63-89225385a438', '660e8400-e29b-41d4-a716-446655440007', 1.0000, 'boolean', '2025-08-17 21:41:28.60784+00', '{}'),
	('8158df83-8bca-4f35-ad27-015897b97c4d', '660e8400-e29b-41d4-a716-446655440007', 0.0000, 'boolean', '2025-08-17 20:41:28.60784+00', '{}'),
	('a383c6f9-9aac-4a64-948d-ffeb2880d292', '660e8400-e29b-41d4-a716-446655440007', 1.0000, 'boolean', '2025-08-17 19:41:28.60784+00', '{}'),
	('431099ce-bf33-409b-9a14-626d8f8614ff', '660e8400-e29b-41d4-a716-446655440007', 0.0000, 'boolean', '2025-08-17 18:41:28.60784+00', '{}'),
	('cbebd565-0c06-4ed9-9868-d833c64ba035', '660e8400-e29b-41d4-a716-446655440007', 0.0000, 'boolean', '2025-08-17 17:41:28.60784+00', '{}'),
	('2795fca2-4b4e-49c3-8734-939451d76150', '660e8400-e29b-41d4-a716-446655440007', 0.0000, 'boolean', '2025-08-17 16:41:28.60784+00', '{}'),
	('88bd96a6-d610-479d-832e-3fe745029eee', '660e8400-e29b-41d4-a716-446655440007', 0.0000, 'boolean', '2025-08-17 15:41:28.60784+00', '{}'),
	('968f2294-d6e3-4c1c-bf76-df3f840330d0', '660e8400-e29b-41d4-a716-446655440007', 0.0000, 'boolean', '2025-08-17 14:41:28.60784+00', '{}'),
	('df43f090-f2ff-4c9a-9727-b3dac530cb4f', '660e8400-e29b-41d4-a716-446655440007', 1.0000, 'boolean', '2025-08-17 13:41:28.60784+00', '{}'),
	('2c684f25-e0e6-4b51-b4e9-75a618703ebd', '660e8400-e29b-41d4-a716-446655440007', 0.0000, 'boolean', '2025-08-17 12:41:28.60784+00', '{}'),
	('af92daca-4ed2-44e6-9481-373c0a2bc147', '660e8400-e29b-41d4-a716-446655440007', 0.0000, 'boolean', '2025-08-17 11:41:28.60784+00', '{}'),
	('89f0096a-599c-426f-b39e-24e22b041356', '660e8400-e29b-41d4-a716-446655440007', 1.0000, 'boolean', '2025-08-17 10:41:28.60784+00', '{}'),
	('28bad074-72da-4104-9848-22cf5c225bcf', '660e8400-e29b-41d4-a716-446655440007', 1.0000, 'boolean', '2025-08-17 09:41:28.60784+00', '{}'),
	('6ba49146-bba7-4be5-a524-28ab31f7a83a', '660e8400-e29b-41d4-a716-446655440007', 1.0000, 'boolean', '2025-08-17 08:41:28.60784+00', '{}'),
	('0a33aa71-1a86-4b36-aae3-0f9fd3216a4b', '660e8400-e29b-41d4-a716-446655440007', 1.0000, 'boolean', '2025-08-17 07:41:28.60784+00', '{}'),
	('fcaea8ec-9b7f-44ba-8856-8b77bf956bfb', '660e8400-e29b-41d4-a716-446655440007', 0.0000, 'boolean', '2025-08-17 06:41:28.60784+00', '{}'),
	('a03f091a-0226-408f-a939-7592a5301424', '660e8400-e29b-41d4-a716-446655440007', 0.0000, 'boolean', '2025-08-17 05:41:28.60784+00', '{}'),
	('7a762f4b-83fb-43dc-9526-aa3924d1008a', '660e8400-e29b-41d4-a716-446655440007', 1.0000, 'boolean', '2025-08-17 04:41:28.60784+00', '{}'),
	('64798c48-ba53-40b2-a031-d715f06c1d83', '660e8400-e29b-41d4-a716-446655440009', 19.8557, '°C', '2025-08-18 03:41:28.60784+00', '{}'),
	('138e690d-bb49-46e2-9ab4-566ca7b5bc51', '660e8400-e29b-41d4-a716-446655440009', 20.8745, '°C', '2025-08-18 02:41:28.60784+00', '{}'),
	('fc844200-5e2d-4750-967c-1334046daf29', '660e8400-e29b-41d4-a716-446655440009', 21.0637, '°C', '2025-08-18 01:41:28.60784+00', '{}'),
	('63fcf7da-058d-4801-b926-beff454058e5', '660e8400-e29b-41d4-a716-446655440009', 21.4097, '°C', '2025-08-18 00:41:28.60784+00', '{}'),
	('8a3c56bf-9a8c-4e5b-856d-0a66795e6121', '660e8400-e29b-41d4-a716-446655440009', 21.0006, '°C', '2025-08-17 23:41:28.60784+00', '{}'),
	('ff21299c-b0fc-441c-9bd8-66fb9d1583e1', '660e8400-e29b-41d4-a716-446655440009', 20.2973, '°C', '2025-08-17 22:41:28.60784+00', '{}'),
	('c1086dcb-b963-48e9-acb0-d079585184a5', '660e8400-e29b-41d4-a716-446655440009', 21.0606, '°C', '2025-08-17 21:41:28.60784+00', '{}'),
	('ea0d80c9-d6e1-41af-b7fb-71f33bf4068d', '660e8400-e29b-41d4-a716-446655440009', 20.0622, '°C', '2025-08-17 20:41:28.60784+00', '{}'),
	('f7ea82e8-0645-4b43-b3a8-cdad3a0dfbe8', '660e8400-e29b-41d4-a716-446655440009', 21.0504, '°C', '2025-08-17 19:41:28.60784+00', '{}'),
	('07c9789c-d786-4de9-be87-b4fc7a27136a', '660e8400-e29b-41d4-a716-446655440009', 21.5603, '°C', '2025-08-17 18:41:28.60784+00', '{}'),
	('32f108d2-1f1b-47e3-a807-062f0562cef1', '660e8400-e29b-41d4-a716-446655440009', 20.7781, '°C', '2025-08-17 17:41:28.60784+00', '{}'),
	('b7df84b6-b913-4350-89b8-d36060c628f7', '660e8400-e29b-41d4-a716-446655440009', 20.8474, '°C', '2025-08-17 16:41:28.60784+00', '{}'),
	('50cb8dab-7b2c-4af4-8744-41b5c1ed68e4', '660e8400-e29b-41d4-a716-446655440009', 20.4190, '°C', '2025-08-17 15:41:28.60784+00', '{}'),
	('3ecde34f-1f48-45b0-8320-f437b3204a22', '660e8400-e29b-41d4-a716-446655440009', 21.5490, '°C', '2025-08-17 14:41:28.60784+00', '{}'),
	('ec30f602-082b-49d2-894b-41e5ecaf218f', '660e8400-e29b-41d4-a716-446655440009', 20.2481, '°C', '2025-08-17 13:41:28.60784+00', '{}'),
	('f28d3d6a-26ac-431a-864e-58ef1b9e2983', '660e8400-e29b-41d4-a716-446655440009', 21.4368, '°C', '2025-08-17 12:41:28.60784+00', '{}'),
	('5a0aa08b-2dd6-4689-b5f6-21bf38baf5ed', '660e8400-e29b-41d4-a716-446655440009', 20.6651, '°C', '2025-08-17 11:41:28.60784+00', '{}'),
	('d2c04d30-2dbf-44a5-9b97-d0ba9ec89cef', '660e8400-e29b-41d4-a716-446655440009', 21.1240, '°C', '2025-08-17 10:41:28.60784+00', '{}'),
	('bb5071d1-cc9f-4c48-b807-bb749c767b66', '660e8400-e29b-41d4-a716-446655440009', 20.0673, '°C', '2025-08-17 09:41:28.60784+00', '{}'),
	('96fc2fa2-a8ea-491e-86f0-923474e225e1', '660e8400-e29b-41d4-a716-446655440009', 20.3909, '°C', '2025-08-17 08:41:28.60784+00', '{}'),
	('617c7af8-785c-49ce-915e-7270e26070dc', '660e8400-e29b-41d4-a716-446655440009', 20.1617, '°C', '2025-08-17 07:41:28.60784+00', '{}'),
	('6be8e6d7-07cf-4cfb-aced-a13ae832790a', '660e8400-e29b-41d4-a716-446655440009', 21.7627, '°C', '2025-08-17 06:41:28.60784+00', '{}'),
	('346d35f3-943a-413d-a1bc-04bb81a1eddc', '660e8400-e29b-41d4-a716-446655440009', 20.6961, '°C', '2025-08-17 05:41:28.60784+00', '{}'),
	('c5e89781-a324-4149-90e2-1403e4284dc8', '660e8400-e29b-41d4-a716-446655440009', 20.9343, '°C', '2025-08-17 04:41:28.60784+00', '{}'),
	('4810c855-89d2-4ff5-9199-e959f22e18dd', '660e8400-e29b-41d4-a716-446655440010', 1014.1348, 'hPa', '2025-08-18 03:41:28.60784+00', '{}'),
	('9c0728fc-5c8d-467c-b262-6c0e69b9fe90', '660e8400-e29b-41d4-a716-446655440010', 1015.9676, 'hPa', '2025-08-18 02:41:28.60784+00', '{}'),
	('e3d06eaf-05bc-43a6-978f-3a0ee5940039', '660e8400-e29b-41d4-a716-446655440010', 1014.0249, 'hPa', '2025-08-18 01:41:28.60784+00', '{}'),
	('d091492a-7456-4456-86e8-91c44d8948b9', '660e8400-e29b-41d4-a716-446655440010', 1015.4574, 'hPa', '2025-08-18 00:41:28.60784+00', '{}'),
	('ce1967a7-8264-4480-a92f-bcb5867794a9', '660e8400-e29b-41d4-a716-446655440010', 1015.4944, 'hPa', '2025-08-17 23:41:28.60784+00', '{}'),
	('04038ee4-b4d7-44fc-8d6f-e1b3cec09afb', '660e8400-e29b-41d4-a716-446655440010', 1015.6437, 'hPa', '2025-08-17 22:41:28.60784+00', '{}'),
	('8cf424b1-5e2b-4ccd-b3ee-3d4323074918', '660e8400-e29b-41d4-a716-446655440010', 1014.7918, 'hPa', '2025-08-17 21:41:28.60784+00', '{}'),
	('51273908-a98d-4cfc-aee4-9d6c2fab5095', '660e8400-e29b-41d4-a716-446655440010', 1015.4273, 'hPa', '2025-08-17 20:41:28.60784+00', '{}'),
	('dcec537c-9be3-497f-a83e-25a15b88ae48', '660e8400-e29b-41d4-a716-446655440010', 1014.8915, 'hPa', '2025-08-17 19:41:28.60784+00', '{}'),
	('aff66552-0019-4845-81d8-42b0138c66e2', '660e8400-e29b-41d4-a716-446655440010', 1015.2319, 'hPa', '2025-08-17 18:41:28.60784+00', '{}'),
	('3fb148c1-4537-4d8d-81fd-e724ef0cd8a8', '660e8400-e29b-41d4-a716-446655440010', 1015.9377, 'hPa', '2025-08-17 17:41:28.60784+00', '{}'),
	('2640ae1d-e543-4370-871f-c8ed6dbb601e', '660e8400-e29b-41d4-a716-446655440010', 1015.8995, 'hPa', '2025-08-17 16:41:28.60784+00', '{}'),
	('cb2d4f32-0e77-4675-a987-6c4c36f220b6', '660e8400-e29b-41d4-a716-446655440010', 1014.2981, 'hPa', '2025-08-17 15:41:28.60784+00', '{}'),
	('b74a2846-e7cb-4cea-9ead-fd4fc02024b5', '660e8400-e29b-41d4-a716-446655440010', 1014.7104, 'hPa', '2025-08-17 14:41:28.60784+00', '{}'),
	('6702a1e3-12ce-414b-a1d8-5432d43a0ffb', '660e8400-e29b-41d4-a716-446655440010', 1015.7543, 'hPa', '2025-08-17 13:41:28.60784+00', '{}'),
	('fd7a54fd-515d-4c84-a743-784030a850d8', '660e8400-e29b-41d4-a716-446655440010', 1016.3715, 'hPa', '2025-08-17 12:41:28.60784+00', '{}'),
	('a57dd1dd-563a-486e-8428-8d0c97659721', '660e8400-e29b-41d4-a716-446655440010', 1015.6333, 'hPa', '2025-08-17 11:41:28.60784+00', '{}'),
	('18a2d180-a63b-45bd-9166-eb148bd4c596', '660e8400-e29b-41d4-a716-446655440010', 1014.0802, 'hPa', '2025-08-17 10:41:28.60784+00', '{}'),
	('89599699-f017-41a8-8a41-7ad67b1c7b1e', '660e8400-e29b-41d4-a716-446655440010', 1016.6635, 'hPa', '2025-08-17 09:41:28.60784+00', '{}'),
	('1cd7f4f8-7fe5-4c5c-aa58-d99861ba3b00', '660e8400-e29b-41d4-a716-446655440010', 1015.3752, 'hPa', '2025-08-17 08:41:28.60784+00', '{}'),
	('ce26db3b-f879-4853-b507-3dfcace81d39', '660e8400-e29b-41d4-a716-446655440010', 1016.1102, 'hPa', '2025-08-17 07:41:28.60784+00', '{}'),
	('0716c8b4-22ca-4116-9d0a-3e64ce7470aa', '660e8400-e29b-41d4-a716-446655440010', 1015.6937, 'hPa', '2025-08-17 06:41:28.60784+00', '{}'),
	('e8d03f77-7f54-45c0-9f08-6803e4dcf1e1', '660e8400-e29b-41d4-a716-446655440010', 1013.7493, 'hPa', '2025-08-17 05:41:28.60784+00', '{}'),
	('baf27006-f99f-4e4c-8157-0b274130858e', '660e8400-e29b-41d4-a716-446655440010', 1015.6360, 'hPa', '2025-08-17 04:41:28.60784+00', '{}'),
	('8bc1eb5f-519a-4e50-b426-53196a04dbd7', '660e8400-e29b-41d4-a716-446655440011', 38.5868, '%RH', '2025-08-18 03:41:28.60784+00', '{}'),
	('fcf9912f-8687-4cdd-bc6a-182f615e986a', '660e8400-e29b-41d4-a716-446655440011', 40.0981, '%RH', '2025-08-18 02:41:28.60784+00', '{}'),
	('fb24380e-167e-4812-a89c-1a6c686adb04', '660e8400-e29b-41d4-a716-446655440011', 40.1586, '%RH', '2025-08-18 01:41:28.60784+00', '{}'),
	('a52d9c7a-5afd-4923-8acd-6f51269e82af', '660e8400-e29b-41d4-a716-446655440011', 41.3913, '%RH', '2025-08-18 00:41:28.60784+00', '{}'),
	('314bf19e-825d-47fe-96e2-ffc88b2fcafd', '660e8400-e29b-41d4-a716-446655440011', 40.5408, '%RH', '2025-08-17 23:41:28.60784+00', '{}'),
	('59867391-252e-4fad-bcc8-800eb2148778', '660e8400-e29b-41d4-a716-446655440011', 39.3354, '%RH', '2025-08-17 22:41:28.60784+00', '{}'),
	('3fbe6e6f-f32e-4a6c-8f4f-5fd4b202c6c4', '660e8400-e29b-41d4-a716-446655440011', 38.6899, '%RH', '2025-08-17 21:41:28.60784+00', '{}'),
	('9c684bd4-2598-4913-890f-98bdf7e9d2bc', '660e8400-e29b-41d4-a716-446655440011', 38.9561, '%RH', '2025-08-17 20:41:28.60784+00', '{}'),
	('8d47f0c9-a8b3-48c1-89be-7a6f8854d12c', '660e8400-e29b-41d4-a716-446655440011', 38.3888, '%RH', '2025-08-17 19:41:28.60784+00', '{}'),
	('8e521d6d-c4bd-40d7-9b11-ec8e266b4902', '660e8400-e29b-41d4-a716-446655440011', 38.4286, '%RH', '2025-08-17 18:41:28.60784+00', '{}'),
	('abc15ad4-edde-40ff-9f44-208dccdf3345', '660e8400-e29b-41d4-a716-446655440011', 41.7143, '%RH', '2025-08-17 17:41:28.60784+00', '{}'),
	('be32146f-0bba-4109-928b-ae9f523dea38', '660e8400-e29b-41d4-a716-446655440011', 41.0925, '%RH', '2025-08-17 16:41:28.60784+00', '{}'),
	('ccb71ad9-1f09-4a6c-9701-007f716eedcc', '660e8400-e29b-41d4-a716-446655440011', 39.0893, '%RH', '2025-08-17 15:41:28.60784+00', '{}'),
	('281602b7-b8ba-4ddf-a072-3e41470d22a8', '660e8400-e29b-41d4-a716-446655440011', 38.3803, '%RH', '2025-08-17 14:41:28.60784+00', '{}'),
	('c4ba1ca0-34ce-4ea2-b829-376de47de03a', '660e8400-e29b-41d4-a716-446655440011', 40.0377, '%RH', '2025-08-17 13:41:28.60784+00', '{}'),
	('7a9f162c-e9ca-473f-914e-e7212c203d55', '660e8400-e29b-41d4-a716-446655440011', 41.4708, '%RH', '2025-08-17 12:41:28.60784+00', '{}'),
	('dc53735f-5c86-4062-929a-4dabc52ebb69', '660e8400-e29b-41d4-a716-446655440011', 40.2788, '%RH', '2025-08-17 11:41:28.60784+00', '{}'),
	('40f33506-b74e-4127-877d-35e0b38578da', '660e8400-e29b-41d4-a716-446655440011', 39.9075, '%RH', '2025-08-17 10:41:28.60784+00', '{}'),
	('67b5f0ae-5051-4055-93be-0cc5a964798f', '660e8400-e29b-41d4-a716-446655440011', 40.0141, '%RH', '2025-08-17 09:41:28.60784+00', '{}'),
	('cefdf584-babb-4386-a94c-726c6d4781aa', '660e8400-e29b-41d4-a716-446655440011', 39.4451, '%RH', '2025-08-17 08:41:28.60784+00', '{}'),
	('1a0a9898-bdb4-4bcb-ba80-2d6b8d18af28', '660e8400-e29b-41d4-a716-446655440011', 42.1796, '%RH', '2025-08-17 07:41:28.60784+00', '{}'),
	('b617a507-99e7-4394-8115-e73f20e93bef', '660e8400-e29b-41d4-a716-446655440011', 40.6878, '%RH', '2025-08-17 06:41:28.60784+00', '{}'),
	('015deafd-5f5c-4fe9-9dae-ed52cab6be9f', '660e8400-e29b-41d4-a716-446655440011', 38.4919, '%RH', '2025-08-17 05:41:28.60784+00', '{}'),
	('b05ef894-9487-43a6-95a0-9eda0cfdcc7e', '660e8400-e29b-41d4-a716-446655440011', 41.5981, '%RH', '2025-08-17 04:41:28.60784+00', '{}'),
	('205cbcbd-eaac-4992-b729-dc2aba69cda0', '660e8400-e29b-41d4-a716-446655440012', 0.0000, 'boolean', '2025-08-18 03:41:28.60784+00', '{}'),
	('674d576e-c576-40d4-9c82-e20c4476ce7b', '660e8400-e29b-41d4-a716-446655440012', 1.0000, 'boolean', '2025-08-18 02:41:28.60784+00', '{}'),
	('5b5e8ec4-bbf8-4300-b47f-b6a963aeab9d', '660e8400-e29b-41d4-a716-446655440012', 1.0000, 'boolean', '2025-08-18 01:41:28.60784+00', '{}'),
	('d3521603-9551-4d51-abd4-65d4f7af5982', '660e8400-e29b-41d4-a716-446655440012', 1.0000, 'boolean', '2025-08-18 00:41:28.60784+00', '{}'),
	('d793e70e-3be0-4296-aec6-852d2458c869', '660e8400-e29b-41d4-a716-446655440012', 0.0000, 'boolean', '2025-08-17 23:41:28.60784+00', '{}'),
	('81c8a2b5-4aed-4642-a538-54821b1100a4', '660e8400-e29b-41d4-a716-446655440012', 0.0000, 'boolean', '2025-08-17 22:41:28.60784+00', '{}'),
	('cb48f45b-6a0e-4b83-a125-0fe30b66b270', '660e8400-e29b-41d4-a716-446655440012', 1.0000, 'boolean', '2025-08-17 21:41:28.60784+00', '{}'),
	('a2a231df-c617-42a2-aa86-62b93b056798', '660e8400-e29b-41d4-a716-446655440012', 1.0000, 'boolean', '2025-08-17 20:41:28.60784+00', '{}'),
	('132fb699-ef20-4ce3-83e7-1344a6497943', '660e8400-e29b-41d4-a716-446655440012', 1.0000, 'boolean', '2025-08-17 19:41:28.60784+00', '{}'),
	('a330e5c3-6a4f-40ca-88b2-a69d299ce9aa', '660e8400-e29b-41d4-a716-446655440012', 1.0000, 'boolean', '2025-08-17 18:41:28.60784+00', '{}'),
	('a91428bf-f4e1-4db8-8767-ab1e0ee9bc1e', '660e8400-e29b-41d4-a716-446655440012', 1.0000, 'boolean', '2025-08-17 17:41:28.60784+00', '{}'),
	('591150b4-9832-45ea-8955-e1d02a0aeb58', '660e8400-e29b-41d4-a716-446655440012', 0.0000, 'boolean', '2025-08-17 16:41:28.60784+00', '{}'),
	('68a0beac-3481-4d95-8e18-014627970571', '660e8400-e29b-41d4-a716-446655440012', 1.0000, 'boolean', '2025-08-17 15:41:28.60784+00', '{}'),
	('436da0ba-b6d4-482d-9e3a-2519e50de2d1', '660e8400-e29b-41d4-a716-446655440012', 0.0000, 'boolean', '2025-08-17 14:41:28.60784+00', '{}'),
	('6cfdfe0c-62cb-4662-92fd-81420e97133f', '660e8400-e29b-41d4-a716-446655440012', 0.0000, 'boolean', '2025-08-17 13:41:28.60784+00', '{}'),
	('4e69c55c-eb0c-4adb-871d-d2f0491c911a', '660e8400-e29b-41d4-a716-446655440012', 0.0000, 'boolean', '2025-08-17 12:41:28.60784+00', '{}'),
	('a9d05e37-463b-404a-9d4d-2645a83a1a20', '660e8400-e29b-41d4-a716-446655440012', 1.0000, 'boolean', '2025-08-17 11:41:28.60784+00', '{}'),
	('8ad6ae51-3575-4668-a951-849fbb81f7a7', '660e8400-e29b-41d4-a716-446655440012', 0.0000, 'boolean', '2025-08-17 10:41:28.60784+00', '{}'),
	('6db30bcd-8831-4757-ae84-fd80d89da44e', '660e8400-e29b-41d4-a716-446655440012', 1.0000, 'boolean', '2025-08-17 09:41:28.60784+00', '{}'),
	('e165b7dc-6e20-41b8-9480-6c340c6497a5', '660e8400-e29b-41d4-a716-446655440012', 0.0000, 'boolean', '2025-08-17 08:41:28.60784+00', '{}'),
	('40e56726-694c-438d-9af4-873c5cbe9af9', '660e8400-e29b-41d4-a716-446655440012', 0.0000, 'boolean', '2025-08-17 07:41:28.60784+00', '{}'),
	('855cb485-dee3-4ec7-99b7-e86d2029eaa4', '660e8400-e29b-41d4-a716-446655440012', 1.0000, 'boolean', '2025-08-17 06:41:28.60784+00', '{}'),
	('a8f078c4-f1a9-4fbd-95a8-e93ab01dcafd', '660e8400-e29b-41d4-a716-446655440012', 0.0000, 'boolean', '2025-08-17 05:41:28.60784+00', '{}'),
	('467be25c-d193-4790-9ff4-20f6e58ac0f8', '660e8400-e29b-41d4-a716-446655440012', 1.0000, 'boolean', '2025-08-17 04:41:28.60784+00', '{}'),
	('ca7f68ff-5310-420f-88ed-2742b0153209', '660e8400-e29b-41d4-a716-446655440013', 36.4566, 'AQI', '2025-08-18 03:41:28.60784+00', '{}'),
	('c9545bb2-d8e5-4cab-a0cc-d4562a36439a', '660e8400-e29b-41d4-a716-446655440013', 31.8733, 'AQI', '2025-08-18 02:41:28.60784+00', '{}'),
	('a39af2e9-25fe-4d19-9c4f-4f3b50e306dd', '660e8400-e29b-41d4-a716-446655440013', 33.2055, 'AQI', '2025-08-18 01:41:28.60784+00', '{}'),
	('1eb53cfc-5ad2-4920-8418-097ccfd98e84', '660e8400-e29b-41d4-a716-446655440013', 32.5024, 'AQI', '2025-08-18 00:41:28.60784+00', '{}'),
	('9141c277-3805-41a5-b486-f5813bda00b1', '660e8400-e29b-41d4-a716-446655440013', 35.6847, 'AQI', '2025-08-17 23:41:28.60784+00', '{}'),
	('f2cf98d6-c42e-4383-9562-c593808fc14c', '660e8400-e29b-41d4-a716-446655440013', 39.7949, 'AQI', '2025-08-17 22:41:28.60784+00', '{}'),
	('ae2605bf-6e73-4fe3-a127-a7056baa3550', '660e8400-e29b-41d4-a716-446655440013', 37.6429, 'AQI', '2025-08-17 21:41:28.60784+00', '{}'),
	('13979409-5ed1-495c-a100-8cf7834b9f74', '660e8400-e29b-41d4-a716-446655440013', 37.7227, 'AQI', '2025-08-17 20:41:28.60784+00', '{}'),
	('1f96c387-82dd-4a7e-b707-216cdf6ea51c', '660e8400-e29b-41d4-a716-446655440013', 36.9587, 'AQI', '2025-08-17 19:41:28.60784+00', '{}'),
	('a5d5afc1-efa3-4aff-a557-21a36c9c2fa9', '660e8400-e29b-41d4-a716-446655440013', 30.9047, 'AQI', '2025-08-17 18:41:28.60784+00', '{}'),
	('5f307e27-c430-4d97-b37f-33ee6bc01674', '660e8400-e29b-41d4-a716-446655440013', 37.7659, 'AQI', '2025-08-17 17:41:28.60784+00', '{}'),
	('9b7fd912-b2eb-4623-bf8d-baea5a66d20c', '660e8400-e29b-41d4-a716-446655440013', 38.6247, 'AQI', '2025-08-17 16:41:28.60784+00', '{}'),
	('ccb4d679-0c70-46d5-9beb-09dad285ac3f', '660e8400-e29b-41d4-a716-446655440013', 31.1255, 'AQI', '2025-08-17 15:41:28.60784+00', '{}'),
	('78a12d69-c0a7-43be-85d0-5124c4413323', '660e8400-e29b-41d4-a716-446655440013', 32.8139, 'AQI', '2025-08-17 14:41:28.60784+00', '{}'),
	('55b2b978-567f-4050-a41b-ceefd8622869', '660e8400-e29b-41d4-a716-446655440013', 39.4132, 'AQI', '2025-08-17 13:41:28.60784+00', '{}'),
	('191713bf-bbd2-4e72-bf12-08b709d1a6bf', '660e8400-e29b-41d4-a716-446655440013', 31.0517, 'AQI', '2025-08-17 12:41:28.60784+00', '{}'),
	('e429b82d-30f4-49e6-9655-53c18082c37f', '660e8400-e29b-41d4-a716-446655440013', 38.9071, 'AQI', '2025-08-17 11:41:28.60784+00', '{}'),
	('166c478e-3442-4e2d-ac5f-35adfb11df10', '660e8400-e29b-41d4-a716-446655440013', 37.0243, 'AQI', '2025-08-17 10:41:28.60784+00', '{}'),
	('ce613261-8747-4084-8a2d-7f37ec9d39a8', '660e8400-e29b-41d4-a716-446655440013', 33.2202, 'AQI', '2025-08-17 09:41:28.60784+00', '{}'),
	('3a8c5a9e-7574-4933-8f28-815fc7e0585e', '660e8400-e29b-41d4-a716-446655440013', 37.6007, 'AQI', '2025-08-17 08:41:28.60784+00', '{}'),
	('264016c7-5453-4824-b317-539c83c7f5c2', '660e8400-e29b-41d4-a716-446655440013', 34.0615, 'AQI', '2025-08-17 07:41:28.60784+00', '{}'),
	('7b3742d1-f1e4-4f75-9a45-0fbb47a8c455', '660e8400-e29b-41d4-a716-446655440013', 37.8589, 'AQI', '2025-08-17 06:41:28.60784+00', '{}'),
	('a3894720-e68d-47cf-8281-92f04ed3b858', '660e8400-e29b-41d4-a716-446655440013', 38.8333, 'AQI', '2025-08-17 05:41:28.60784+00', '{}'),
	('59c0050e-a732-4cca-a4be-3560a58294d7', '660e8400-e29b-41d4-a716-446655440013', 39.8011, 'AQI', '2025-08-17 04:41:28.60784+00', '{}'),
	('b8be9383-f57e-4e4e-82a7-509b85d90ecb', '660e8400-e29b-41d4-a716-446655440015', 27.8603, '°C', '2025-08-18 03:41:28.60784+00', '{}'),
	('3dbce105-7968-4d65-9061-5b1797a711c9', '660e8400-e29b-41d4-a716-446655440015', 28.2430, '°C', '2025-08-18 02:41:28.60784+00', '{}'),
	('287491b2-b234-409f-8a29-de2b1aac312d', '660e8400-e29b-41d4-a716-446655440015', 27.8700, '°C', '2025-08-18 01:41:28.60784+00', '{}'),
	('9bb01c33-4d29-4ed3-b42b-59948aff4cad', '660e8400-e29b-41d4-a716-446655440015', 28.2941, '°C', '2025-08-18 00:41:28.60784+00', '{}'),
	('92ef3931-7935-4ffe-94e1-b38053723950', '660e8400-e29b-41d4-a716-446655440015', 27.6730, '°C', '2025-08-17 23:41:28.60784+00', '{}'),
	('9b095035-8ab8-49f6-91c6-152fb8886a7a', '660e8400-e29b-41d4-a716-446655440015', 27.7671, '°C', '2025-08-17 22:41:28.60784+00', '{}'),
	('ac5c1805-2328-4eac-bd96-2fe9ca611ccd', '660e8400-e29b-41d4-a716-446655440015', 28.9878, '°C', '2025-08-17 21:41:28.60784+00', '{}'),
	('a463b640-9e0e-4eb2-8697-c4d241af91ae', '660e8400-e29b-41d4-a716-446655440015', 28.5440, '°C', '2025-08-17 20:41:28.60784+00', '{}'),
	('36ff1e95-c172-48b3-867c-d870945d24cf', '660e8400-e29b-41d4-a716-446655440015', 28.0936, '°C', '2025-08-17 19:41:28.60784+00', '{}'),
	('75432e04-0008-4b27-91db-06db573f1c7e', '660e8400-e29b-41d4-a716-446655440015', 29.1160, '°C', '2025-08-17 18:41:28.60784+00', '{}'),
	('e9431e34-0639-46dc-866b-7b31d2e71340', '660e8400-e29b-41d4-a716-446655440015', 28.4448, '°C', '2025-08-17 17:41:28.60784+00', '{}'),
	('f2373952-7fa3-4108-a7d2-bb30b52b129b', '660e8400-e29b-41d4-a716-446655440015', 28.2730, '°C', '2025-08-17 16:41:28.60784+00', '{}'),
	('ff108ab4-2ec3-456c-af6e-6ea49307d282', '660e8400-e29b-41d4-a716-446655440015', 27.3108, '°C', '2025-08-17 15:41:28.60784+00', '{}'),
	('c4ba7771-e895-49fd-ba9e-a27b85ff715e', '660e8400-e29b-41d4-a716-446655440015', 28.9022, '°C', '2025-08-17 14:41:28.60784+00', '{}'),
	('4587469d-94cd-4fb2-ba1f-89dad5741eb2', '660e8400-e29b-41d4-a716-446655440015', 28.3472, '°C', '2025-08-17 13:41:28.60784+00', '{}'),
	('7660160f-8daa-49ac-b499-8d8bf34615ce', '660e8400-e29b-41d4-a716-446655440015', 29.1611, '°C', '2025-08-17 12:41:28.60784+00', '{}'),
	('921c1f94-d083-48aa-b9b6-906da3387df9', '660e8400-e29b-41d4-a716-446655440015', 28.3592, '°C', '2025-08-17 11:41:28.60784+00', '{}'),
	('855fd377-68c8-48f9-8c29-5480e0b47db6', '660e8400-e29b-41d4-a716-446655440015', 28.6695, '°C', '2025-08-17 10:41:28.60784+00', '{}'),
	('1a14509f-2412-4c1d-89e7-f549a1465e7a', '660e8400-e29b-41d4-a716-446655440015', 28.8815, '°C', '2025-08-17 09:41:28.60784+00', '{}'),
	('e53d16ee-98e3-490b-9cfb-22ed78fdfc84', '660e8400-e29b-41d4-a716-446655440015', 28.2815, '°C', '2025-08-17 08:41:28.60784+00', '{}'),
	('0917ca9a-3e9f-47cb-9549-c077acf86ac6', '660e8400-e29b-41d4-a716-446655440015', 28.2041, '°C', '2025-08-17 07:41:28.60784+00', '{}'),
	('578e5674-9f85-47b7-bc77-222e65239021', '660e8400-e29b-41d4-a716-446655440015', 27.3558, '°C', '2025-08-17 06:41:28.60784+00', '{}'),
	('983074b4-c0bb-44a4-abdf-51047138dc9b', '660e8400-e29b-41d4-a716-446655440015', 28.8473, '°C', '2025-08-17 05:41:28.60784+00', '{}'),
	('1bf62acb-3673-4ae1-96c4-b7744d384d08', '660e8400-e29b-41d4-a716-446655440015', 28.1448, '°C', '2025-08-17 04:41:28.60784+00', '{}'),
	('7de9a450-4116-499d-8f58-1b644c56c19d', '660e8400-e29b-41d4-a716-446655440016', 1.7846, '°C', '2025-08-18 03:41:28.60784+00', '{}'),
	('322299df-96eb-4b01-bbbe-0e25bebdaa95', '660e8400-e29b-41d4-a716-446655440016', 1.9072, '°C', '2025-08-18 02:41:28.60784+00', '{}'),
	('10dc2a95-a6dc-4c33-9d85-dfe2782f2af1', '660e8400-e29b-41d4-a716-446655440016', 2.0389, '°C', '2025-08-18 01:41:28.60784+00', '{}'),
	('a540dc4c-aed4-4f70-b49d-aa6e34ebeeeb', '660e8400-e29b-41d4-a716-446655440016', 2.2941, '°C', '2025-08-18 00:41:28.60784+00', '{}'),
	('c65a2765-b3b7-4d89-b2b7-8d45e7afbce1', '660e8400-e29b-41d4-a716-446655440016', 2.6837, '°C', '2025-08-17 23:41:28.60784+00', '{}'),
	('f5bc1c27-277d-439c-8734-0295c47c057b', '660e8400-e29b-41d4-a716-446655440016', 1.7751, '°C', '2025-08-17 22:41:28.60784+00', '{}'),
	('878cfe17-6f83-47af-a58e-1be6ee4b7e21', '660e8400-e29b-41d4-a716-446655440016', 1.5137, '°C', '2025-08-17 21:41:28.60784+00', '{}'),
	('0793e500-c3fe-4664-966f-19f5df227eb7', '660e8400-e29b-41d4-a716-446655440016', 1.5493, '°C', '2025-08-17 20:41:28.60784+00', '{}'),
	('63ecac57-8de7-4198-8097-347811085dca', '660e8400-e29b-41d4-a716-446655440016', 2.8041, '°C', '2025-08-17 19:41:28.60784+00', '{}'),
	('07ee57b0-c83b-4303-b91e-0133bee1fbb8', '660e8400-e29b-41d4-a716-446655440016', 1.8359, '°C', '2025-08-17 18:41:28.60784+00', '{}'),
	('61b88980-9099-47f5-9e15-e73a4add7d25', '660e8400-e29b-41d4-a716-446655440016', 3.0656, '°C', '2025-08-17 17:41:28.60784+00', '{}'),
	('1a46ee6f-8fdd-4f55-8ef8-a2158747a5a1', '660e8400-e29b-41d4-a716-446655440016', 2.2134, '°C', '2025-08-17 16:41:28.60784+00', '{}'),
	('ebfaad8e-4cd7-4c8e-bbf9-c60c6eb929cd', '660e8400-e29b-41d4-a716-446655440016', 2.6969, '°C', '2025-08-17 15:41:28.60784+00', '{}'),
	('4a9a956d-e6af-434c-bea8-70438d08a737', '660e8400-e29b-41d4-a716-446655440016', 1.5583, '°C', '2025-08-17 14:41:28.60784+00', '{}'),
	('4334e4b2-5161-421c-a0c1-6c105a86a73f', '660e8400-e29b-41d4-a716-446655440016', 3.0856, '°C', '2025-08-17 13:41:28.60784+00', '{}'),
	('0ec33030-3062-4897-a11f-abdcc1f5f527', '660e8400-e29b-41d4-a716-446655440016', 1.8664, '°C', '2025-08-17 12:41:28.60784+00', '{}'),
	('afddcce6-f549-41f0-a376-1b10820bc0c1', '660e8400-e29b-41d4-a716-446655440016', 2.4054, '°C', '2025-08-17 11:41:28.60784+00', '{}'),
	('1a839ce3-0ffd-4368-83a3-be7655d14a85', '660e8400-e29b-41d4-a716-446655440016', 2.2033, '°C', '2025-08-17 10:41:28.60784+00', '{}'),
	('862f0263-08ab-4f3b-8b48-c8ba1a0cfae2', '660e8400-e29b-41d4-a716-446655440016', 3.0391, '°C', '2025-08-17 09:41:28.60784+00', '{}'),
	('5c5f8f8a-81bb-4d26-a73e-220ccd2d0769', '660e8400-e29b-41d4-a716-446655440016', 1.2060, '°C', '2025-08-17 08:41:28.60784+00', '{}'),
	('a274f858-91bc-4d4d-a18d-c713a55185bd', '660e8400-e29b-41d4-a716-446655440016', 1.7955, '°C', '2025-08-17 07:41:28.60784+00', '{}'),
	('5ff4125f-5ae9-4342-b348-923ee0384996', '660e8400-e29b-41d4-a716-446655440016', 1.1692, '°C', '2025-08-17 06:41:28.60784+00', '{}'),
	('b5a279f0-cfed-4bd5-90dc-130adbaa93b9', '660e8400-e29b-41d4-a716-446655440016', 1.6940, '°C', '2025-08-17 05:41:28.60784+00', '{}'),
	('fdb83533-4d2f-4685-8125-f36264131e59', '660e8400-e29b-41d4-a716-446655440016', 1.2657, '°C', '2025-08-17 04:41:28.60784+00', '{}'),
	('df2b509e-2ec6-44af-8f11-669bd2c5e2f6', '660e8400-e29b-41d4-a716-446655440018', 1.0000, 'boolean', '2025-08-18 03:41:28.60784+00', '{}'),
	('aa4ea519-841a-42c2-a10f-fe723227c962', '660e8400-e29b-41d4-a716-446655440018', 0.0000, 'boolean', '2025-08-18 02:41:28.60784+00', '{}'),
	('68dfddfb-3320-4dd8-a91f-c7a9c8f31e96', '660e8400-e29b-41d4-a716-446655440018', 1.0000, 'boolean', '2025-08-18 01:41:28.60784+00', '{}'),
	('f3bc66f2-7ce7-477b-84b7-046732737a7a', '660e8400-e29b-41d4-a716-446655440018', 0.0000, 'boolean', '2025-08-18 00:41:28.60784+00', '{}'),
	('1957ada7-0d98-429c-8660-711fbfc4466a', '660e8400-e29b-41d4-a716-446655440018', 0.0000, 'boolean', '2025-08-17 23:41:28.60784+00', '{}'),
	('25ff1a74-7daa-4da8-abc7-d4a269df95c0', '660e8400-e29b-41d4-a716-446655440018', 1.0000, 'boolean', '2025-08-17 22:41:28.60784+00', '{}'),
	('b88eb426-bcf9-45e8-9704-7fd7491fed2e', '660e8400-e29b-41d4-a716-446655440018', 0.0000, 'boolean', '2025-08-17 21:41:28.60784+00', '{}'),
	('86730416-49f1-4159-a820-3fe030fef83b', '660e8400-e29b-41d4-a716-446655440018', 0.0000, 'boolean', '2025-08-17 20:41:28.60784+00', '{}'),
	('260bcd4d-153f-4d28-8b15-79739be045e2', '660e8400-e29b-41d4-a716-446655440018', 1.0000, 'boolean', '2025-08-17 19:41:28.60784+00', '{}'),
	('84b61498-314b-4a2b-a435-b156c021f43b', '660e8400-e29b-41d4-a716-446655440018', 0.0000, 'boolean', '2025-08-17 18:41:28.60784+00', '{}'),
	('e80e8499-b246-4718-8ad6-eff81afc346f', '660e8400-e29b-41d4-a716-446655440018', 1.0000, 'boolean', '2025-08-17 17:41:28.60784+00', '{}'),
	('cd9d5d8f-057d-47d7-9cab-48995a4a5cd9', '660e8400-e29b-41d4-a716-446655440018', 1.0000, 'boolean', '2025-08-17 16:41:28.60784+00', '{}'),
	('71e43fb6-4d75-466a-bb21-9efb6dfbe606', '660e8400-e29b-41d4-a716-446655440018', 0.0000, 'boolean', '2025-08-17 15:41:28.60784+00', '{}'),
	('3542f334-16dd-414c-afd1-872cbc1f4f83', '660e8400-e29b-41d4-a716-446655440018', 1.0000, 'boolean', '2025-08-17 14:41:28.60784+00', '{}'),
	('8d951b1b-143c-442b-b819-94e0278cbf0d', '660e8400-e29b-41d4-a716-446655440018', 0.0000, 'boolean', '2025-08-17 13:41:28.60784+00', '{}'),
	('87216122-17de-451c-9f2b-e01c42a3f793', '660e8400-e29b-41d4-a716-446655440018', 0.0000, 'boolean', '2025-08-17 12:41:28.60784+00', '{}'),
	('be77baef-80d6-4699-ab8e-5b8169fdd9c1', '660e8400-e29b-41d4-a716-446655440018', 1.0000, 'boolean', '2025-08-17 11:41:28.60784+00', '{}'),
	('37fc37a9-b595-430c-ac3f-595e5eddc526', '660e8400-e29b-41d4-a716-446655440018', 0.0000, 'boolean', '2025-08-17 10:41:28.60784+00', '{}'),
	('c6069ad8-cbd7-44b7-a6dc-f050eeb591d3', '660e8400-e29b-41d4-a716-446655440018', 1.0000, 'boolean', '2025-08-17 09:41:28.60784+00', '{}'),
	('05a53955-93de-4118-b5a7-009cfab7c033', '660e8400-e29b-41d4-a716-446655440018', 0.0000, 'boolean', '2025-08-17 08:41:28.60784+00', '{}'),
	('2d599552-12e2-4114-8fb5-a98f7747eead', '660e8400-e29b-41d4-a716-446655440018', 0.0000, 'boolean', '2025-08-17 07:41:28.60784+00', '{}'),
	('e7b3185c-92a0-47a5-ad14-a1cc4adf0964', '660e8400-e29b-41d4-a716-446655440018', 1.0000, 'boolean', '2025-08-17 06:41:28.60784+00', '{}'),
	('7235275b-4e51-4870-bdcd-96ff44fd3ee1', '660e8400-e29b-41d4-a716-446655440018', 0.0000, 'boolean', '2025-08-17 05:41:28.60784+00', '{}'),
	('176543c7-1eda-416d-968c-e618babe6a95', '660e8400-e29b-41d4-a716-446655440018', 1.0000, 'boolean', '2025-08-17 04:41:28.60784+00', '{}'),
	('eef79787-1f8b-4a43-b66b-fca66f0761bc', '660e8400-e29b-41d4-a716-446655440019', 57.2328, '%RH', '2025-08-18 03:41:28.60784+00', '{}'),
	('d4843536-3d28-4fae-84ae-472f2b805e74', '660e8400-e29b-41d4-a716-446655440019', 53.3121, '%RH', '2025-08-18 02:41:28.60784+00', '{}'),
	('c566a665-0fa2-4db4-93cb-345db4444832', '660e8400-e29b-41d4-a716-446655440019', 57.1852, '%RH', '2025-08-18 01:41:28.60784+00', '{}'),
	('f3cfa466-fd47-4e93-b73e-4a6975203d1d', '660e8400-e29b-41d4-a716-446655440019', 56.1824, '%RH', '2025-08-18 00:41:28.60784+00', '{}'),
	('c216abe8-a7e5-4f77-b681-0129cc8581d7', '660e8400-e29b-41d4-a716-446655440019', 56.0650, '%RH', '2025-08-17 23:41:28.60784+00', '{}'),
	('cb6a320a-fc39-4b41-9e64-2eb7ee6d0010', '660e8400-e29b-41d4-a716-446655440019', 56.9200, '%RH', '2025-08-17 22:41:28.60784+00', '{}'),
	('19d14d7c-b10c-4c68-915d-04b1db08cd23', '660e8400-e29b-41d4-a716-446655440019', 55.5875, '%RH', '2025-08-17 21:41:28.60784+00', '{}'),
	('b176b8cf-5053-47d4-b6eb-4ab45c1fcd76', '660e8400-e29b-41d4-a716-446655440019', 58.0011, '%RH', '2025-08-17 20:41:28.60784+00', '{}'),
	('aefce848-e477-4431-999e-73580e9b6310', '660e8400-e29b-41d4-a716-446655440019', 55.9203, '%RH', '2025-08-17 19:41:28.60784+00', '{}'),
	('cba6d330-2cc7-443e-92e7-18321fb06170', '660e8400-e29b-41d4-a716-446655440019', 57.2868, '%RH', '2025-08-17 18:41:28.60784+00', '{}'),
	('ce768e75-fc83-4ded-a60d-9f3e1e1af85e', '660e8400-e29b-41d4-a716-446655440019', 55.4687, '%RH', '2025-08-17 17:41:28.60784+00', '{}'),
	('66952c3f-8c06-4eab-8320-f979f044f541', '660e8400-e29b-41d4-a716-446655440019', 56.1712, '%RH', '2025-08-17 16:41:28.60784+00', '{}'),
	('2354c74e-a735-4828-bf0e-dd3279086595', '660e8400-e29b-41d4-a716-446655440019', 53.5566, '%RH', '2025-08-17 15:41:28.60784+00', '{}'),
	('2c5a03b2-7388-4316-b2da-b9add1d648dc', '660e8400-e29b-41d4-a716-446655440019', 55.2543, '%RH', '2025-08-17 14:41:28.60784+00', '{}'),
	('7925d8f6-dd8a-47e6-8c1e-2654f03bdf44', '660e8400-e29b-41d4-a716-446655440019', 53.5196, '%RH', '2025-08-17 13:41:28.60784+00', '{}'),
	('82ac7e9a-9fc6-4861-ba72-43bf49840ff5', '660e8400-e29b-41d4-a716-446655440019', 54.0758, '%RH', '2025-08-17 12:41:28.60784+00', '{}'),
	('1e1057ee-8128-401c-a51e-4c69f67ec4da', '660e8400-e29b-41d4-a716-446655440019', 56.2734, '%RH', '2025-08-17 11:41:28.60784+00', '{}'),
	('a3964a40-8dc3-42ba-938b-1c070d2faaaf', '660e8400-e29b-41d4-a716-446655440019', 53.6345, '%RH', '2025-08-17 10:41:28.60784+00', '{}'),
	('b413f4e1-f0fc-42e7-a05c-93a1bcef0e2c', '660e8400-e29b-41d4-a716-446655440019', 56.7654, '%RH', '2025-08-17 09:41:28.60784+00', '{}'),
	('a15c8aa2-b910-43b4-bc7f-0daedc30cc73', '660e8400-e29b-41d4-a716-446655440019', 53.7394, '%RH', '2025-08-17 08:41:28.60784+00', '{}'),
	('a8e9e1d8-c3ce-4951-a02f-e2e9bd6ce90e', '660e8400-e29b-41d4-a716-446655440019', 57.7635, '%RH', '2025-08-17 07:41:28.60784+00', '{}'),
	('ad04c7b0-b4d9-4f06-a379-8560b0a68ff5', '660e8400-e29b-41d4-a716-446655440019', 54.5647, '%RH', '2025-08-17 06:41:28.60784+00', '{}'),
	('ae1cef8f-24ab-4316-8741-e22ddd0d4d97', '660e8400-e29b-41d4-a716-446655440019', 53.9432, '%RH', '2025-08-17 05:41:28.60784+00', '{}'),
	('a9e3753e-d8e2-42aa-8ca8-29cd210b5cf1', '660e8400-e29b-41d4-a716-446655440019', 56.2605, '%RH', '2025-08-17 04:41:28.60784+00', '{}'),
	('7647944d-f1a3-4206-a778-9641dc674cec', '660e8400-e29b-41d4-a716-446655440021', 1013.8152, 'hPa', '2025-08-18 03:41:28.60784+00', '{}'),
	('b36b4d65-d453-49b8-9bf2-65952f84b2d4', '660e8400-e29b-41d4-a716-446655440021', 1011.9426, 'hPa', '2025-08-18 02:41:28.60784+00', '{}'),
	('e3c5ca70-c51d-4d5b-8547-a8ddea3d33e2', '660e8400-e29b-41d4-a716-446655440021', 1012.5031, 'hPa', '2025-08-18 01:41:28.60784+00', '{}'),
	('f35e2332-6ac1-4065-841b-db1eba02b0b8', '660e8400-e29b-41d4-a716-446655440021', 1012.6911, 'hPa', '2025-08-18 00:41:28.60784+00', '{}'),
	('a5b60020-afdf-41bc-a92e-870cde295b3e', '660e8400-e29b-41d4-a716-446655440021', 1013.2464, 'hPa', '2025-08-17 23:41:28.60784+00', '{}'),
	('6a5d9376-f37e-4de3-a2e4-36bdacb22b05', '660e8400-e29b-41d4-a716-446655440021', 1013.0570, 'hPa', '2025-08-17 22:41:28.60784+00', '{}'),
	('05a98fab-6aa0-48dd-ad80-d22a3ae109a7', '660e8400-e29b-41d4-a716-446655440021', 1013.7371, 'hPa', '2025-08-17 21:41:28.60784+00', '{}'),
	('523d0e9f-d45d-4e22-9a36-49f0b2f5ac5e', '660e8400-e29b-41d4-a716-446655440021', 1012.0387, 'hPa', '2025-08-17 20:41:28.60784+00', '{}'),
	('144432ea-4839-4eba-9c91-c539afd018bf', '660e8400-e29b-41d4-a716-446655440021', 1013.7290, 'hPa', '2025-08-17 19:41:28.60784+00', '{}'),
	('ae67221b-f07a-49be-a68b-04ad1b2bbd0b', '660e8400-e29b-41d4-a716-446655440021', 1012.7332, 'hPa', '2025-08-17 18:41:28.60784+00', '{}'),
	('b80e5246-c378-4846-8e53-e3d3479be7a3', '660e8400-e29b-41d4-a716-446655440021', 1012.3298, 'hPa', '2025-08-17 17:41:28.60784+00', '{}'),
	('36180496-495d-4511-a57f-b28d348e4165', '660e8400-e29b-41d4-a716-446655440021', 1011.8064, 'hPa', '2025-08-17 16:41:28.60784+00', '{}'),
	('287ae251-3c89-4411-b8e5-be61f4503b63', '660e8400-e29b-41d4-a716-446655440021', 1013.6090, 'hPa', '2025-08-17 15:41:28.60784+00', '{}'),
	('cd806a5d-05c1-4db1-89cc-96e350c4c80e', '660e8400-e29b-41d4-a716-446655440021', 1013.4130, 'hPa', '2025-08-17 14:41:28.60784+00', '{}'),
	('4a77b9a7-7e5c-43f1-a5d7-c9cba317ecae', '660e8400-e29b-41d4-a716-446655440021', 1012.8170, 'hPa', '2025-08-17 13:41:28.60784+00', '{}'),
	('d6803d10-c9a2-4bf9-a87a-5448613799ee', '660e8400-e29b-41d4-a716-446655440021', 1012.7985, 'hPa', '2025-08-17 12:41:28.60784+00', '{}'),
	('6d7dcf73-0a2d-470c-bfa2-7a4116d30d95', '660e8400-e29b-41d4-a716-446655440021', 1013.8008, 'hPa', '2025-08-17 11:41:28.60784+00', '{}'),
	('c2a6cb20-67f7-4e16-9d6c-2ea8f79fa14c', '660e8400-e29b-41d4-a716-446655440021', 1013.6421, 'hPa', '2025-08-17 10:41:28.60784+00', '{}'),
	('9beef354-2c2e-486f-86dd-67d439ee6377', '660e8400-e29b-41d4-a716-446655440021', 1012.5248, 'hPa', '2025-08-17 09:41:28.60784+00', '{}'),
	('750ea238-c0c2-4b9a-8efd-15aec18c4066', '660e8400-e29b-41d4-a716-446655440021', 1012.8302, 'hPa', '2025-08-17 08:41:28.60784+00', '{}'),
	('cb5b8d74-836c-4a35-ae79-2fb27548e961', '660e8400-e29b-41d4-a716-446655440021', 1014.2702, 'hPa', '2025-08-17 07:41:28.60784+00', '{}'),
	('d5e3885f-66af-48a6-adcd-55b0eaf8cbd3', '660e8400-e29b-41d4-a716-446655440021', 1012.3912, 'hPa', '2025-08-17 06:41:28.60784+00', '{}'),
	('352be313-9ac1-4cbb-a11a-91d1328eb5a1', '660e8400-e29b-41d4-a716-446655440021', 1011.3701, 'hPa', '2025-08-17 05:41:28.60784+00', '{}'),
	('cc42ab17-f0b1-476c-a017-7e38016cac0e', '660e8400-e29b-41d4-a716-446655440021', 1014.2120, 'hPa', '2025-08-17 04:41:28.60784+00', '{}'),
	('68c92f69-7def-4af9-a5a2-67689936004d', '660e8400-e29b-41d4-a716-446655440022', 0.0000, 'boolean', '2025-08-18 03:41:28.60784+00', '{}'),
	('0c4498af-1b61-4024-8830-b49124490e19', '660e8400-e29b-41d4-a716-446655440022', 1.0000, 'boolean', '2025-08-18 02:41:28.60784+00', '{}'),
	('451c426e-5ef1-4cbd-b425-729a01848505', '660e8400-e29b-41d4-a716-446655440022', 0.0000, 'boolean', '2025-08-18 01:41:28.60784+00', '{}'),
	('4f14d296-b4b6-4aae-b34d-f89a9c8d7049', '660e8400-e29b-41d4-a716-446655440022', 0.0000, 'boolean', '2025-08-18 00:41:28.60784+00', '{}'),
	('6a5034c2-a103-44eb-98ea-eea8c5cb8879', '660e8400-e29b-41d4-a716-446655440022', 1.0000, 'boolean', '2025-08-17 23:41:28.60784+00', '{}'),
	('a2f99795-1c60-4f48-8506-c465da2022be', '660e8400-e29b-41d4-a716-446655440022', 0.0000, 'boolean', '2025-08-17 22:41:28.60784+00', '{}'),
	('f4e43e01-d7fb-48ad-96a6-6c9976aef539', '660e8400-e29b-41d4-a716-446655440022', 0.0000, 'boolean', '2025-08-17 21:41:28.60784+00', '{}'),
	('822068b6-eee0-421b-8ee7-da6377f6308a', '660e8400-e29b-41d4-a716-446655440022', 1.0000, 'boolean', '2025-08-17 20:41:28.60784+00', '{}'),
	('21d0567b-60d6-4d21-bf9c-7c06a603903c', '660e8400-e29b-41d4-a716-446655440022', 0.0000, 'boolean', '2025-08-17 19:41:28.60784+00', '{}'),
	('8f7fd938-2598-495a-925e-eabb4280db75', '660e8400-e29b-41d4-a716-446655440022', 1.0000, 'boolean', '2025-08-17 18:41:28.60784+00', '{}'),
	('56724411-8790-48a5-8f73-e04b40fa2874', '660e8400-e29b-41d4-a716-446655440022', 1.0000, 'boolean', '2025-08-17 17:41:28.60784+00', '{}'),
	('d682a428-eb38-41ec-8e0e-2cc631d361fb', '660e8400-e29b-41d4-a716-446655440022', 1.0000, 'boolean', '2025-08-17 16:41:28.60784+00', '{}'),
	('eb2c5e01-6f0e-4d0d-83c4-b2bfb9094c44', '660e8400-e29b-41d4-a716-446655440022', 1.0000, 'boolean', '2025-08-17 15:41:28.60784+00', '{}'),
	('b1f19d34-f873-48f6-a167-d77cc8e59d07', '660e8400-e29b-41d4-a716-446655440022', 0.0000, 'boolean', '2025-08-17 14:41:28.60784+00', '{}'),
	('92266222-47fa-49a2-9d42-86fb50c4c73e', '660e8400-e29b-41d4-a716-446655440022', 0.0000, 'boolean', '2025-08-17 13:41:28.60784+00', '{}'),
	('33e48c3c-8dc6-4a68-bc46-79a1b64196b9', '660e8400-e29b-41d4-a716-446655440022', 0.0000, 'boolean', '2025-08-17 12:41:28.60784+00', '{}'),
	('a0ff5d0b-3b99-4556-b304-fcd4be58bf00', '660e8400-e29b-41d4-a716-446655440022', 0.0000, 'boolean', '2025-08-17 11:41:28.60784+00', '{}'),
	('b13f38eb-5fc9-4353-84a2-ba3210413e11', '660e8400-e29b-41d4-a716-446655440022', 0.0000, 'boolean', '2025-08-17 10:41:28.60784+00', '{}'),
	('98775fbb-f0f6-4ffb-9678-cbe434e07d97', '660e8400-e29b-41d4-a716-446655440022', 1.0000, 'boolean', '2025-08-17 09:41:28.60784+00', '{}'),
	('def9b6e8-d5ea-4054-8641-a90456577549', '660e8400-e29b-41d4-a716-446655440022', 0.0000, 'boolean', '2025-08-17 08:41:28.60784+00', '{}'),
	('4af42130-5aa0-4c41-bff5-5d85413f3340', '660e8400-e29b-41d4-a716-446655440022', 0.0000, 'boolean', '2025-08-17 07:41:28.60784+00', '{}'),
	('f3c6f4b0-ac31-4a61-b91f-0f2cfa0ad7e8', '660e8400-e29b-41d4-a716-446655440022', 1.0000, 'boolean', '2025-08-17 06:41:28.60784+00', '{}'),
	('f7b1ce43-85d1-4e3b-99a7-b6bf10fd48f3', '660e8400-e29b-41d4-a716-446655440022', 1.0000, 'boolean', '2025-08-17 05:41:28.60784+00', '{}'),
	('1c3558bf-e751-4cc3-87ff-e09ef4c7052e', '660e8400-e29b-41d4-a716-446655440022', 1.0000, 'boolean', '2025-08-17 04:41:28.60784+00', '{}'),
	('7757b5cd-0315-4ec3-af95-c97323381773', '660e8400-e29b-41d4-a716-446655440024', 50.7246, '%RH', '2025-08-18 03:41:28.60784+00', '{}'),
	('3cd65c00-5cf2-4e0f-b666-35270bf731ee', '660e8400-e29b-41d4-a716-446655440024', 46.7770, '%RH', '2025-08-18 02:41:28.60784+00', '{}'),
	('f0410c15-7020-4977-9ad0-a2a33d8cb09b', '660e8400-e29b-41d4-a716-446655440024', 48.3304, '%RH', '2025-08-18 01:41:28.60784+00', '{}'),
	('c1c60414-5c84-4e3c-951d-98316f57b11b', '660e8400-e29b-41d4-a716-446655440024', 46.3966, '%RH', '2025-08-18 00:41:28.60784+00', '{}'),
	('7266c366-7067-4d62-a82a-850bf465bfc4', '660e8400-e29b-41d4-a716-446655440024', 46.1203, '%RH', '2025-08-17 23:41:28.60784+00', '{}'),
	('6958e00d-5eca-4d07-8bac-b19984a4e6e2', '660e8400-e29b-41d4-a716-446655440024', 46.5108, '%RH', '2025-08-17 22:41:28.60784+00', '{}'),
	('be2855de-cbf0-424f-9cb0-972ebf06b469', '660e8400-e29b-41d4-a716-446655440024', 49.4248, '%RH', '2025-08-17 21:41:28.60784+00', '{}'),
	('925a7842-f202-4c7a-a5c1-e7130ede04ba', '660e8400-e29b-41d4-a716-446655440024', 46.9470, '%RH', '2025-08-17 20:41:28.60784+00', '{}'),
	('daa09d66-355a-4354-9350-1c0a5827f242', '660e8400-e29b-41d4-a716-446655440024', 47.2503, '%RH', '2025-08-17 19:41:28.60784+00', '{}'),
	('1b74bae8-fb91-46f7-82ac-66f3ba89ced7', '660e8400-e29b-41d4-a716-446655440024', 49.0219, '%RH', '2025-08-17 18:41:28.60784+00', '{}'),
	('a6fa9802-1339-4d01-8736-29a7a909f1b4', '660e8400-e29b-41d4-a716-446655440024', 46.0150, '%RH', '2025-08-17 17:41:28.60784+00', '{}'),
	('97dcb99d-ff1d-4a4b-9fae-de8faa5d8fac', '660e8400-e29b-41d4-a716-446655440024', 49.0524, '%RH', '2025-08-17 16:41:28.60784+00', '{}'),
	('d952eb66-0b17-4ce3-8b5c-5d5daa762075', '660e8400-e29b-41d4-a716-446655440024', 50.5684, '%RH', '2025-08-17 15:41:28.60784+00', '{}'),
	('2e283a17-bbdd-423c-a781-9bc5c4c10573', '660e8400-e29b-41d4-a716-446655440024', 46.7988, '%RH', '2025-08-17 14:41:28.60784+00', '{}'),
	('cb25f941-c52f-43fc-a9eb-369958df2e32', '660e8400-e29b-41d4-a716-446655440024', 50.1617, '%RH', '2025-08-17 13:41:28.60784+00', '{}'),
	('0bb98e23-1239-4920-8ca9-a9ce73524265', '660e8400-e29b-41d4-a716-446655440024', 47.7754, '%RH', '2025-08-17 12:41:28.60784+00', '{}'),
	('31091705-2b0e-478f-8f2d-44751b6d96de', '660e8400-e29b-41d4-a716-446655440024', 49.1706, '%RH', '2025-08-17 11:41:28.60784+00', '{}'),
	('e6dbd605-6260-4bdd-adf3-d9688b854b01', '660e8400-e29b-41d4-a716-446655440024', 46.6749, '%RH', '2025-08-17 10:41:28.60784+00', '{}'),
	('97a45219-18a6-4fe4-97d5-d5892d3b9750', '660e8400-e29b-41d4-a716-446655440024', 50.1056, '%RH', '2025-08-17 09:41:28.60784+00', '{}'),
	('864da589-5373-4154-954b-0bae8c20a8c8', '660e8400-e29b-41d4-a716-446655440024', 50.5261, '%RH', '2025-08-17 08:41:28.60784+00', '{}'),
	('78cf7fb6-59e4-4dcf-8942-f8ab8153849d', '660e8400-e29b-41d4-a716-446655440024', 46.3916, '%RH', '2025-08-17 07:41:28.60784+00', '{}'),
	('5311d7a9-3d73-4df1-a77d-6d7d1fa473b1', '660e8400-e29b-41d4-a716-446655440024', 48.0657, '%RH', '2025-08-17 06:41:28.60784+00', '{}'),
	('c9a5305b-53fa-454c-8b3e-597e9fc7f33e', '660e8400-e29b-41d4-a716-446655440024', 48.3820, '%RH', '2025-08-17 05:41:28.60784+00', '{}'),
	('3f2e0aad-f4b9-4404-a1ae-7ba8c62be7f1', '660e8400-e29b-41d4-a716-446655440024', 48.8134, '%RH', '2025-08-17 04:41:28.60784+00', '{}');


--
-- Data for Name: task_comments; Type: TABLE DATA; Schema: public; Owner: postgres
--



--
-- PostgreSQL database dump complete
--

RESET ALL;
